Year,Province,staff,beds,institutions,visits,discharges,bed_util,pop_10k,beds_pc,staff_pc,discharge_pc,visits_pc,Region
2011,Beijing,23.57,9.47,9495,1.62,201.18,84.4,2186,4.332113449222325,10.782250686184812,92.03110704483075,7.4107959743824345,East
2012,Beijing,25.32,10.02,9632,1.85,224.92,84.3,2184,4.587912087912088,11.593406593406593,102.98534798534797,8.47069597069597,East
2013,Beijing,26.31,10.4,9683,2.05,245.62,83.5,2189,4.751027866605757,12.019186843307446,112.20648698035633,9.365006852444038,East
2014,Beijing,27.4,10.98,9638,2.14,269.3,83.2,2189,5.015989036089539,12.517131110095933,123.02421196893559,9.77615349474646,East
2015,Beijing,28.92,11.16,9771,2.18,275.4,80.6,2190,5.095890410958905,13.205479452054796,125.75342465753423,9.954337899543379,East
2016,Beijing,29.95,11.7,9773,2.32,310.91,82.2,2192,5.337591240875912,13.663321167883211,141.83850364963504,10.583941605839415,East
2017,Beijing,31.52,12.06,9976,2.25,328.42,82.4,2194,5.496809480401094,14.366453965360073,149.690063810392,10.255241567912488,East
2018,Beijing,32.61,12.36,10058,2.35,353.11,83.4,2195,5.6309794988610475,14.856492027334852,160.87015945330296,10.70615034168565,East
2019,Beijing,34.32,12.78,10336,2.49,384.15,82.6,2188,5.840950639853747,15.685557586837293,175.57129798903108,11.380255941499087,East
2020,Beijing,34.81,12.7,10599,1.82,255.4,60.9,2171,5.84983878397052,16.034085674804242,117.64163979732842,8.383233532934131,East
2021,Beijing,36.1,13.03,10699,2.27,349.8,73.2,2125,6.131764705882353,16.988235294117647,164.61176470588234,10.68235294117647,East
2022,Beijing,36.86,13.39,10897,2.2,336.63,67.9,2078,6.443695861405197,17.738209817131857,161.99711260827718,10.587102983638113,East
2023,Beijing,38.9,13.88,11487,2.75,444.26,80.3,2024,6.857707509881423,19.219367588932805,219.49604743083003,13.58695652173913,East
2011,Tianjin,10.02,4.94,4428,0.87,119.51,90.0,1364,3.6217008797653962,7.346041055718475,87.61730205278592,6.378299120234604,East
2012,Tianjin,10.42,5.35,4551,0.96,132.38,87.6,1363,3.9251650770359503,7.64490095377843,97.1239911958914,7.043286867204696,East
2013,Tianjin,10.65,5.77,4689,1.05,135.65,84.8,1373,4.202476329206117,7.75673707210488,98.79825200291334,7.64748725418791,East
2014,Tianjin,11.17,6.09,4990,1.16,148.5,83.9,1387,4.390771449170872,8.053352559480894,107.06560922855083,8.3633741888969,East
2015,Tianjin,11.81,6.37,5223,1.19,150.7,81.6,1385,4.59927797833935,8.527075812274369,108.80866425992778,8.592057761732852,East
2016,Tianjin,12.26,6.58,5443,1.2,162.39,82.1,1383,4.757772957339118,8.864786695589299,117.41865509761388,8.676789587852495,East
2017,Tianjin,12.96,6.84,5539,1.21,158.02,78.1,1410,4.8510638297872335,9.191489361702128,112.07092198581562,8.581560283687944,East
2018,Tianjin,13.25,6.82,5686,1.2,162.49,77.5,1443,4.726264726264726,9.182259182259182,112.60568260568262,8.316008316008316,East
2019,Tianjin,13.92,6.83,5962,1.23,169.44,79.8,1439,4.746351633078526,9.673384294649063,117.74843641417651,8.547602501737318,East
2020,Tianjin,14.32,6.83,5838,0.98,129.6,61.6,1429,4.779566130160952,10.020993701889433,90.6927921623513,6.857942617214835,East
2021,Tianjin,15.25,6.87,6076,1.09,162.6,68.4,1410,4.872340425531915,10.815602836879433,115.31914893617021,7.7304964539007095,East
2022,Tianjin,15.5,6.85,6282,1.0,157.78,63.3,1378,4.970972423802612,11.248185776487663,114.49927431059506,7.256894049346879,East
2023,Tianjin,16.54,7.25,6799,1.19,214.2,74.6,1341,5.4064131245339295,12.33407904548844,159.73154362416105,8.873974645786726,East
2011,Hebei,44.91,26.65,80185,3.35,777.28,85.6,7393,3.604761260651968,6.074665223860409,105.13729203300419,4.531313404571892,East
2012,Hebei,46.33,28.44,79119,3.68,870.78,88.4,7420,3.8328840970350404,6.243935309973045,117.35579514824796,4.959568733153639,East
2013,Hebei,49.2,30.35,78485,3.93,919.38,88.3,7448,4.0749194414607945,6.6058002148227715,123.43984962406016,5.276584317937702,East
2014,Hebei,51.29,32.29,78895,4.13,973.09,86.7,7464,4.32609860664523,6.871650589496249,130.37111468381565,5.533226152197213,East
2015,Hebei,53.33,34.21,78594,4.21,984.1,83.6,7447,4.593796159527327,7.161272995837249,132.14717335839936,5.65328320128911,East
2016,Hebei,55.51,36.05,78795,4.35,1107.12,86.3,7426,4.854565041745219,7.47508753029895,149.0869916509561,5.857796929706437,East
2017,Hebei,59.06,39.5,80912,4.32,1161.78,83.7,7409,5.331353758941828,7.971386151977326,156.80658658388447,5.830746389526252,East
2018,Hebei,62.4,42.19,85088,4.31,1205.93,82.7,7375,5.720677966101695,8.461016949152542,163.51593220338984,5.844067796610169,East
2019,Hebei,64.72,43.01,84651,4.32,1185.59,81.3,7345,5.85568413886998,8.81143635125936,161.41456773315178,5.881552076242341,East
2020,Hebei,67.5,44.2,86939,3.82,1028.3,70.8,7323,6.035777686740407,9.217533797623926,140.42059265328416,5.216441349173836,East
2021,Hebei,71.03,45.5,88162,3.99,1019.9,68.9,7288,6.243139407244786,9.746158068057081,139.9423710208562,5.474753018660812,East
2022,Hebei,73.29,48.57,90194,3.87,992.4,64.3,7262,6.688240154227485,10.092261085100525,136.6565684384467,5.3291104378958964,East
2023,Hebei,79.07,53.4,92825,5.04,1290.64,71.6,7232,7.383849557522123,10.933351769911503,178.462389380531,6.969026548672566,East
2011,Shanxi,27.16,15.71,40339,1.09,306.97,75.4,3466,4.532602423542989,7.836122331217542,88.5660703981535,3.1448355452971724,Central
2012,Shanxi,27.95,16.53,40192,1.19,348.47,80.0,3481,4.748635449583453,8.029301924734272,100.10629129560472,3.418557885665039,Central
2013,Shanxi,28.39,17.26,40281,1.25,366.22,80.8,3480,4.959770114942529,8.158045977011495,105.23563218390805,3.5919540229885056,Central
2014,Shanxi,28.93,17.74,40777,1.28,388.24,81.1,3490,5.083094555873925,8.289398280802292,111.243553008596,3.667621776504298,Central
2015,Shanxi,29.49,18.32,41002,1.25,379.7,76.9,3497,5.238776093794681,8.432942522161852,108.57878181298256,3.574492422076065,Central
2016,Shanxi,31.13,18.97,42204,1.29,425.04,75.9,3502,5.416904625928041,8.889206167904053,121.37064534551685,3.683609366076528,Central
2017,Shanxi,31.9,19.75,42490,1.35,453.0,77.6,3510,5.626780626780627,9.088319088319087,129.05982905982907,3.8461538461538463,Central
2018,Shanxi,33.09,20.83,42079,1.3,494.29,79.6,3514,5.927717700626067,9.41661923733637,140.66306203756403,3.699487763232783,Central
2019,Shanxi,34.17,21.84,42162,1.31,499.33,76.6,3519,6.206308610400682,9.710144927536232,141.8954248366013,3.7226484796817276,Central
2020,Shanxi,35.14,22.37,41140,1.23,426.2,65.9,3528,6.340702947845806,9.96031746031746,120.80498866213152,3.4863945578231292,Central
2021,Shanxi,36.29,22.89,41007,1.34,434.8,67.0,3535,6.475247524752476,10.265912305516265,122.998585572843,3.7906647807637905,Central
2022,Shanxi,36.44,22.84,39661,1.27,414.92,62.6,3548,6.437429537767756,10.270574971815106,116.94475760992108,3.579481397970688,Central
2023,Shanxi,37.48,23.23,37849,1.46,523.7,71.2,3562,6.521617069062325,10.522178551375632,147.02414373947224,4.098820887142055,Central
2011,Inner Mongolia,17.52,10.06,22908,0.88,233.76,81.1,2396,4.198664440734558,7.312186978297162,97.56260434056762,3.672787979966611,West
2012,Inner Mongolia,18.39,11.08,23046,0.93,256.89,82.8,2401,4.614743856726364,7.659308621407748,106.99291961682631,3.8733860891295295,West
2013,Inner Mongolia,19.6,12.01,23257,0.99,284.5,78.7,2400,5.004166666666666,8.166666666666668,118.54166666666667,4.125,West
2014,Inner Mongolia,20.3,12.9,23426,1.0,299.4,76.0,2403,5.36828963795256,8.447773616312942,124.59425717852683,4.161464835622139,West
2015,Inner Mongolia,21.25,13.39,23886,1.0,295.3,73.2,2415,5.544513457556936,8.799171842650104,122.27743271221532,4.140786749482402,West
2016,Inner Mongolia,22.11,13.92,24002,1.03,327.99,74.7,2422,5.747316267547482,9.128819157720892,135.42113955408752,4.252683732452518,West
2017,Inner Mongolia,23.31,15.03,24218,1.04,361.01,74.7,2433,6.177558569667077,9.580764488286066,148.38060008220305,4.27455815865187,West
2018,Inner Mongolia,24.14,15.9,24610,1.05,384.0,76.1,2436,6.527093596059114,9.90968801313629,157.63546798029557,4.310344827586207,West
2019,Inner Mongolia,24.93,16.11,24564,1.07,361.41,71.4,2440,6.602459016393443,10.217213114754099,148.1188524590164,4.385245901639344,West
2020,Inner Mongolia,25.48,16.21,24549,0.96,294.4,58.8,2449,6.61902817476521,10.404246631278072,120.21233156390362,3.919967333605553,West
2021,Inner Mongolia,26.17,16.66,24948,1.03,310.9,60.1,2455,6.786150712830957,10.659877800407333,126.6395112016293,4.1955193482688395,West
2022,Inner Mongolia,26.78,16.77,25062,0.99,302.47,55.4,2464,6.8060064935064934,10.868506493506494,122.75568181818183,4.017857142857143,West
2023,Inner Mongolia,28.41,17.31,25685,1.18,406.39,67.5,2470,7.008097165991902,11.502024291497976,164.53036437246962,4.777327935222672,West
2011,Liaoning,31.91,21.58,35229,1.54,479.92,85.2,4182,5.160210425633667,7.630320420851267,114.75848876135821,3.6824485891917744,Northeast
2012,Liaoning,32.97,23.1,35792,1.75,549.44,87.2,4197,5.503931379556827,7.855611150822015,130.91255658803908,4.169644984512747,Northeast
2013,Liaoning,33.84,24.19,35612,1.78,589.86,88.5,4229,5.720028375502483,8.001891700165524,139.47978245448098,4.209032868290376,Northeast
2014,Liaoning,33.92,25.55,35441,1.85,631.94,87.7,4255,6.00470035252644,7.971797884841364,148.51703877790837,4.3478260869565215,Northeast
2015,Liaoning,34.85,26.7,35236,1.86,643.3,85.4,4277,6.242693476736029,8.148234743979426,150.4091653027823,4.348842646714987,Northeast
2016,Liaoning,36.57,28.44,36131,1.93,687.53,83.8,4291,6.627825681659288,8.522488930319273,160.22605453274295,4.497786063854579,Northeast
2017,Liaoning,38.09,29.86,35767,2.0,729.78,82.0,4312,6.924860853432282,8.833487940630798,169.24397031539885,4.638218923933209,Northeast
2018,Liaoning,39.19,31.44,36029,1.99,737.72,78.1,4327,7.266004159926046,9.057083429627918,170.49225791541483,4.599029350589323,Northeast
2019,Liaoning,39.67,31.38,34238,2.0,708.8,73.8,4338,7.2337482710926695,9.144767173812818,163.39326878745968,4.610419548178884,Northeast
2020,Liaoning,40.15,31.45,34131,1.63,575.4,62.2,4358,7.216613125286829,9.21294171638366,132.0330426801285,3.7402478201009632,Northeast
2021,Liaoning,41.77,32.45,33051,1.67,610.3,62.7,4365,7.43413516609393,9.56930126002291,139.81672394043525,3.825887743413517,Northeast
2022,Liaoning,42.55,32.62,32679,1.58,601.0,58.4,4375,7.4559999999999995,9.725714285714286,137.37142857142857,3.611428571428571,Northeast
2023,Liaoning,44.26,33.42,34137,1.94,779.29,70.9,4379,7.631879424526148,10.107330440739894,177.96072162594197,4.430235213519068,Northeast
2011,Jilin,19.29,12.12,19785,0.9,266.36,75.0,2339,5.181701581872595,8.247114151346729,113.8777255237281,3.847798204360838,Northeast
2012,Jilin,19.64,12.78,19734,0.97,301.43,79.4,2348,5.442930153321976,8.364565587734242,128.3773424190801,4.131175468483816,Northeast
2013,Jilin,20.02,13.32,19913,1.02,304.7,80.6,2375,5.608421052631579,8.429473684210526,128.29473684210527,4.294736842105263,Northeast
2014,Jilin,20.61,14.1,19891,1.06,331.83,80.3,2399,5.877448937057107,8.591079616506878,138.32013338891204,4.418507711546478,Northeast
2015,Jilin,21.42,14.45,20612,1.05,337.2,78.5,2448,5.902777777777778,8.75,137.74509803921566,4.28921568627451,Northeast
2016,Jilin,22.32,15.12,20829,1.08,365.87,78.3,2484,6.08695652173913,8.985507246376812,147.29066022544285,4.3478260869565215,Northeast
2017,Jilin,22.43,15.37,20828,1.08,382.28,77.6,2526,6.084718923198733,8.879651623119557,151.33808392715756,4.275534441805226,Northeast
2018,Jilin,24.2,16.7,22691,1.1,402.32,76.0,2567,6.505648617062719,9.42734709777951,156.7276977015972,4.285157771717959,Northeast
2019,Jilin,24.64,17.03,22198,1.1,401.93,76.2,2613,6.517412935323383,9.42977420589361,153.81936471488712,4.209720627631075,Northeast
2020,Jilin,27.29,17.31,25616,0.93,304.8,61.1,2642,6.551854655563966,10.329295987887964,115.36714610143831,3.5200605601816806,Northeast
2021,Jilin,27.67,17.65,25344,1.05,346.1,66.4,2668,6.615442278860569,10.371064467766116,129.72263868065966,3.9355322338830585,Northeast
2022,Jilin,27.88,17.72,25031,0.91,303.22,58.6,2698,6.5678280207561155,10.333580429948109,112.38695329873983,3.3728687916975537,Northeast
2023,Jilin,29.42,18.37,26161,1.13,418.1,71.2,2725,6.7412844036697255,10.796330275229359,153.43119266055047,4.146788990825687,Northeast
2011,Heilongjiang,26.61,16.53,21749,1.06,368.57,79.6,3062,5.398432397126062,8.690398432397124,120.3690398432397,3.4617896799477466,Northeast
2012,Heilongjiang,27.07,17.82,21158,1.15,421.11,82.0,3099,5.750242013552759,8.735075830913198,135.88576960309777,3.7108744756373024,Northeast
2013,Heilongjiang,27.91,18.92,21369,1.21,469.47,84.8,3125,6.0544,8.9312,150.2304,3.872,Northeast
2014,Heilongjiang,28.35,20.13,21229,1.21,486.7,82.4,3171,6.348155156102176,8.940397350993377,153.48470514033428,3.815830968148849,Northeast
2015,Heilongjiang,28.59,21.26,20752,1.15,512.0,81.4,3255,6.531490015360983,8.783410138248849,157.29646697388634,3.533026113671275,Northeast
2016,Heilongjiang,29.23,22.01,20375,1.19,561.23,82.7,3327,6.615569582206192,8.785692816351068,168.68951006913136,3.5767959122332433,Northeast
2017,Heilongjiang,30.03,24.17,20283,1.18,599.04,78.9,3399,7.110914974992645,8.834951456310678,176.24007060900263,3.4716092968520154,Northeast
2018,Heilongjiang,29.96,25.01,20349,1.12,582.82,73.8,3463,7.2220617961305225,8.65145827317355,168.29916257580135,3.2341900086630093,Northeast
2019,Heilongjiang,30.56,26.26,20375,1.13,601.72,74.5,3529,7.4412014735052425,8.65967696231227,170.50722584301502,3.2020402380277693,Northeast
2020,Heilongjiang,31.04,25.33,20461,0.85,360.9,48.3,3608,7.02050997782705,8.603104212860309,100.02771618625276,2.3558758314855877,Northeast
2021,Heilongjiang,31.49,26.05,20578,0.96,440.2,55.5,3666,7.105837424986362,8.58974358974359,120.07637752318604,2.618657937806874,Northeast
2022,Heilongjiang,32.09,26.13,20599,0.95,469.13,55.7,3724,7.016648764769065,8.617078410311493,125.97475832438238,2.5510204081632653,Northeast
2023,Heilongjiang,33.57,27.33,21417,1.2,671.89,72.2,3782,7.226335272342676,8.87625594923321,177.6546800634585,3.1729243786356425,Northeast
2011,Shanghai,17.66,10.71,4740,2.11,246.86,96.6,2487,4.306393244873342,7.100924809006835,99.26015279453156,8.48411741053478,East
2012,Shanghai,18.34,10.98,4845,2.21,276.71,98.4,2475,4.4363636363636365,7.41010101010101,111.80202020202019,8.929292929292929,East
2013,Shanghai,19.23,11.43,4929,2.34,290.01,95.2,2489,4.592205705102451,7.725994375251105,116.5166733627963,9.401366010445962,East
2014,Shanghai,20.17,11.75,4984,2.51,318.54,97.1,2488,4.722668810289389,8.106913183279744,128.03054662379424,10.088424437299034,East
2015,Shanghai,20.84,12.28,5016,2.58,334.8,95.7,2481,4.9496170898831116,8.399838774687627,134.94558645707377,10.399032648125756,East
2016,Shanghai,21.71,12.92,5016,2.59,366.16,95.8,2475,5.22020202020202,8.771717171717171,147.94343434343435,10.464646464646465,East
2017,Shanghai,22.78,13.46,5144,2.66,390.95,95.4,2466,5.4582319545823195,9.237631792376318,158.5360908353609,10.78669910786699,East
2018,Shanghai,23.82,13.9,5293,2.7,418.12,95.9,2467,5.634373733279287,9.655451965950547,169.4852047020673,10.944466963923794,East
2019,Shanghai,24.87,14.65,5597,2.76,453.38,96.2,2458,5.96013018714402,10.117982099267698,184.4507729861676,11.228641171684295,East
2020,Shanghai,26.14,15.22,5897,2.26,375.6,85.3,2467,6.1694365626266725,10.595865423591405,152.2496959870288,9.160924199432507,East
2021,Shanghai,28.1,16.04,6308,2.67,447.2,89.3,2448,6.552287581699346,11.478758169934641,182.6797385620915,10.906862745098039,East
2022,Shanghai,28.84,16.53,6404,2.26,362.88,79.7,2399,6.89037098791163,12.021675698207586,151.26302626094207,9.420591913297205,East
2023,Shanghai,29.77,17.5,6514,2.6,530.75,91.0,2356,7.427843803056027,12.635823429541595,225.27589134125637,11.03565365025467,East
2011,Jiangsu,48.18,29.64,31680,4.07,826.41,92.9,8526,3.476425052779733,5.650950035186488,96.92821956368753,4.773633591367582,East
2012,Jiangsu,51.97,33.31,31050,4.51,950.45,91.9,8515,3.9119201409277746,6.103347034644745,111.62066940692895,5.296535525543159,East
2013,Jiangsu,55.11,36.83,30998,4.94,1049.27,91.1,8505,4.330393885949442,6.479717813051146,123.37095825984714,5.8083480305702535,East
2014,Jiangsu,58.96,39.23,31995,5.26,1148.24,90.3,8477,4.627816444496873,6.955290786834966,135.45358027604104,6.205025362746254,East
2015,Jiangsu,61.89,41.36,31925,5.46,1214.1,88.6,8469,4.88369347030346,7.307828551186681,143.35812964930923,6.447042153737159,East
2016,Jiangsu,65.41,44.31,32117,5.52,1302.75,87.3,8446,5.246270423869288,7.744494435235614,154.24461283447786,6.535638171915699,East
2017,Jiangsu,69.25,46.92,32037,5.84,1416.17,87.5,8423,5.5704618307016505,8.221536269737623,168.13130713522497,6.93339665202422,East
2018,Jiangsu,73.93,49.15,33254,5.94,1447.46,86.4,8381,5.864455315594798,8.82114306168715,172.7073141629877,7.0874597303424425,East
2019,Jiangsu,78.63,51.6,34796,6.17,1523.43,85.7,8315,6.205652435357787,9.45640408899579,183.21467227901383,7.420324714371618,East
2020,Jiangsu,82.33,53.5,35747,5.34,1355.8,76.1,8281,6.460572394638328,9.94203598599203,163.72418790001205,6.448496558386668,East
2021,Jiangsu,85.34,54.86,36448,5.7,1415.6,77.2,8192,6.69677734375,10.41748046875,172.802734375,6.9580078125,East
2022,Jiangsu,87.53,56.3,37001,5.61,1429.52,74.5,8120,6.933497536945813,10.779556650246306,176.04926108374383,6.9088669950738915,East
2023,Jiangsu,91.1,57.88,39536,6.42,1708.94,81.1,8023,7.214259005359592,11.354854792471643,213.0051103078649,8.001994266483859,East
2011,Zhejiang,37.42,19.48,30515,4.09,550.83,94.6,6627,2.9394899652934963,5.646597253659273,83.11905839746491,6.171721744379055,East
2012,Zhejiang,40.01,21.33,30271,4.52,629.1,95.4,6577,3.2431199635091987,6.083320662916223,95.65151284780295,6.872434240535197,East
2013,Zhejiang,42.71,23.01,30063,4.75,686.29,93.2,6540,3.5183486238532113,6.530581039755352,104.93730886850153,7.2629969418960245,East
2014,Zhejiang,45.58,24.58,30358,5.04,753.69,92.5,6468,3.8002473716759426,7.047000618429189,116.52597402597404,7.792207792207792,East
2015,Zhejiang,49.1,27.25,31137,5.3,789.7,88.9,6375,4.2745098039215685,7.701960784313726,123.87450980392157,8.313725490196079,East
2016,Zhejiang,52.36,28.99,31546,5.55,869.42,89.4,6273,4.621393272756256,8.346883468834687,138.59716244221266,8.847441415590627,East
2017,Zhejiang,55.57,31.35,31979,5.95,946.35,89.4,6170,5.081037277147488,9.006482982171798,153.37925445705025,9.643435980551054,East
2018,Zhejiang,58.94,33.21,32754,6.28,1018.64,89.5,6072,5.469367588932807,9.706851119894598,167.76021080368906,10.342555994729908,East
2019,Zhejiang,62.8,35.02,34119,6.81,1102.83,88.4,5985,5.851294903926483,10.492898913951546,184.265664160401,11.37844611528822,East
2020,Zhejiang,65.98,36.13,34400,6.05,965.4,77.9,5890,6.1341256366723265,11.202037351443124,163.90492359932088,10.271646859083193,East
2021,Zhejiang,69.48,36.99,35120,6.71,1083.0,79.9,5784,6.395228215767635,12.012448132780085,187.24066390041494,11.600968188105117,East
2022,Zhejiang,73.17,38.17,35967,6.95,1134.48,79.6,5685,6.714160070360599,12.870712401055409,199.55672823218998,12.225153913808267,East
2023,Zhejiang,78.58,40.61,37679,7.53,1324.19,84.5,5570,7.290843806104129,14.107719928186714,237.73608617594255,13.518850987432675,East
2011,Anhui,31.54,20.42,22884,2.04,594.45,87.2,6121,3.3360561999673255,5.152752818166966,97.1164842346022,3.332788760006535,Central
2012,Anhui,33.48,22.23,23275,2.35,708.9,88.1,6127,3.628203035743431,5.464338175289702,115.70099559327566,3.835482291496654,Central
2013,Anhui,35.38,23.6,24645,2.55,756.04,86.8,6113,3.8606248977588744,5.787665630623262,123.67740880091607,4.171437919188614,Central
2014,Anhui,36.57,25.2,24824,2.63,818.18,87.7,6105,4.127764127764127,5.99017199017199,134.018018018018,4.307944307944308,Central
2015,Anhui,37.74,26.74,24853,2.64,838.7,85.0,6092,4.389363099146421,6.195009848982272,137.67235718975707,4.333552199606041,Central
2016,Anhui,38.82,28.17,24385,2.63,891.36,84.8,6076,4.636273864384464,6.389071757735352,146.70177748518762,4.328505595786702,Central
2017,Anhui,40.75,30.57,24491,2.8,990.88,86.2,6057,5.047052996532938,6.7277530130427605,163.59253755984813,4.622750536569258,Central
2018,Anhui,42.7,32.81,24925,2.97,1009.68,83.3,6033,5.438422012265872,7.077739101607824,167.3595226255594,4.922923918448534,Central
2019,Anhui,45.46,34.74,26435,3.33,1032.41,83.1,6011,5.779404425220429,7.562801530527367,171.75345200465813,5.539843620029945,Central
2020,Anhui,50.32,40.78,29391,3.46,945.6,72.4,5997,6.800066700016675,8.390862097715523,157.67883941970987,5.76955144238786,Central
2021,Anhui,51.94,41.1,29554,3.64,947.3,70.7,5988,6.86372745490982,8.674014696058784,158.1997327989312,6.078824315297261,Central
2022,Anhui,55.34,44.4,30176,3.7,963.35,68.4,5978,7.4272331883573095,9.257276681164269,161.1492137838742,6.189360990297758,Central
2023,Anhui,59.02,45.35,31361,3.89,1164.72,76.0,5972,7.593770931011386,9.882786336235768,195.0301406563965,6.513730743469525,Central
2011,Fujian,21.76,12.42,27147,1.75,440.25,90.6,4183,2.9691608893138897,5.202008128137701,105.24743007410949,4.183600286875448,East
2012,Fujian,23.68,13.93,27276,1.92,509.81,92.1,4188,3.3261700095510984,5.654250238777459,121.73113658070677,4.584527220630372,East
2013,Fujian,26.18,15.61,28175,2.04,525.34,88.5,4187,3.728206352997373,6.252686887986625,125.46930976833056,4.872223549080487,East
2014,Fujian,27.36,16.48,28030,2.12,532.8,86.8,4161,3.9605863975006015,6.575342465753424,128.04614275414565,5.09492910358087,East
2015,Fujian,28.13,17.3,27921,2.12,521.9,82.6,4137,4.181774232535654,6.799613246313753,126.1542180323906,5.124486342760455,East
2016,Fujian,28.82,17.48,27656,2.19,533.88,81.9,4104,4.2592592592592595,7.022417153996101,130.08771929824562,5.33625730994152,East
2017,Fujian,30.06,18.24,27217,2.26,549.42,83.1,4065,4.487084870848708,7.394833948339484,135.15867158671585,5.559655596555965,East
2018,Fujian,31.85,19.25,27590,2.34,574.67,83.9,4016,4.793326693227092,7.93077689243028,143.09511952191235,5.826693227091633,East
2019,Fujian,33.43,20.22,27788,2.49,607.78,82.8,3984,5.075301204819277,8.391064257028113,152.55522088353413,6.250000000000001,East
2020,Fujian,35.1,21.68,28105,2.4,531.8,71.6,3945,5.495564005069708,8.897338403041825,134.8035487959442,6.083650190114068,East
2021,Fujian,36.61,22.38,28693,2.67,560.2,73.6,3885,5.760617760617761,9.423423423423424,144.19562419562422,6.872586872586872,East
2022,Fujian,37.96,23.24,29116,2.62,566.43,72.7,3841,6.050507680291591,9.882843009632907,147.46940900807078,6.821140328039573,East
2023,Fujian,39.71,24.21,30023,2.91,672.34,79.6,3784,6.397991543340381,10.49418604651163,177.67970401691332,7.690274841437632,East
2011,Jiangxi,24.46,13.56,39154,1.79,564.66,94.1,4515,3.0033222591362128,5.41749723145072,125.06312292358804,3.964562569213732,Central
2012,Jiangxi,25.96,16.37,39509,1.9,661.61,94.6,4528,3.615282685512368,5.73321554770318,146.11528268551237,4.196113074204947,Central
2013,Jiangxi,26.98,17.43,38902,1.99,686.17,93.2,4517,3.858755811379234,5.9729909231791005,151.9083462475094,4.405578924064645,Central
2014,Jiangxi,28.08,18.67,38873,2.11,694.52,93.2,4519,4.131445009957956,6.213764107103341,153.6888692188537,4.669174596149591,Central
2015,Jiangxi,29.16,19.78,38557,2.08,709.7,90.4,4516,4.379982285208149,6.457041629760851,157.1523472099203,4.605845881310895,Central
2016,Jiangxi,30.17,20.91,38272,2.13,742.05,89.4,4513,4.633281630844228,6.68513184134722,164.42499446044758,4.719698648349214,Central
2017,Jiangxi,31.78,23.4,37791,2.16,820.61,85.8,4511,5.187319884726224,7.045001108401685,181.913101307914,4.788295278208823,Central
2018,Jiangxi,32.58,24.95,36545,2.12,861.87,86.7,4496,5.549377224199288,7.2464412811387895,191.6970640569395,4.715302491103203,Central
2019,Jiangxi,34.83,26.71,37029,2.36,882.66,84.8,4485,5.955406911928652,7.765886287625418,196.80267558528428,5.261984392419175,Central
2020,Jiangxi,36.78,28.58,36716,2.2,803.7,75.7,4480,6.379464285714286,8.209821428571429,179.39732142857142,4.910714285714286,Central
2021,Jiangxi,38.17,30.73,36764,2.29,857.9,76.2,4476,6.86550491510277,8.527703306523682,191.66666666666666,5.116175156389634,Central
2022,Jiangxi,39.08,31.45,35683,2.33,823.36,73.0,4475,7.027932960893855,8.732960893854749,183.99106145251397,5.206703910614525,Central
2023,Jiangxi,43.91,34.07,40129,2.56,945.14,77.5,4474,7.6151095216808224,9.814483683504692,211.25167635225748,5.721949038891372,Central
2011,Shandong,68.96,41.61,68275,5.18,1201.51,85.0,10123,4.110441568704929,6.81220981922355,118.69109947643979,5.1170601600316115,East
2012,Shandong,73.89,47.38,68840,5.83,1399.23,85.6,10163,4.66200924923743,7.270490996752928,137.67883498966842,5.736495129390928,East
2013,Shandong,81.93,48.97,75426,6.22,1406.16,85.2,10170,4.815142576204523,8.056047197640119,138.26548672566372,6.116027531956735,East
2014,Shandong,83.85,50.06,77012,6.31,1501.74,86.9,10165,4.924741760944418,8.248893261190357,147.73635022134775,6.207575012297097,East
2015,Shandong,85.57,51.94,77259,6.15,1513.3,84.3,10106,5.1395210765881645,8.467247179893132,149.74272709281612,6.085493766079557,East
2016,Shandong,87.41,54.1,76997,6.22,1684.2,85.0,10077,5.368661307928948,8.674208593827528,167.13307532003574,6.172471965862856,East
2017,Shandong,91.79,58.48,79050,6.44,1818.92,83.4,10033,5.8287650752516695,9.148808930529254,181.2937306887272,6.418817900926942,East
2018,Shandong,96.14,60.85,81470,6.56,1838.05,82.5,9973,6.101473979745312,9.640028075804674,184.3026170660784,6.577759951870049,East
2019,Shandong,100.06,62.97,83616,6.75,1849.93,80.7,9866,6.382525846340969,10.141901479829718,187.50557470099332,6.8416784917899856,East
2020,Shandong,102.79,64.69,84872,6.13,1658.7,71.0,9808,6.59563621533442,10.480220228384992,169.11704730831974,6.25,East
2021,Shandong,105.57,67.39,85715,6.72,1817.1,75.3,9746,6.9146316437512825,10.832136261030165,186.44572132156782,6.895136466242561,East
2022,Shandong,107.88,69.36,86026,6.67,1809.88,68.7,9708,7.144622991347343,11.112484548825709,186.43180881747014,6.870622167284713,East
2023,Shandong,113.59,73.86,88186,7.82,2335.93,79.2,9665,7.642007242628039,11.752715985514746,241.68960165545784,8.0910501810657,East
2011,Henan,62.35,34.96,76128,4.65,1081.61,88.1,9815,3.5618950585838003,6.352521650534896,110.1996943453897,4.737646459500764,Central
2012,Henan,65.26,39.4,69258,4.97,1265.06,91.5,9872,3.991085899513776,6.6106158833063215,128.14627228525123,5.034440842787682,Central
2013,Henan,71.63,42.98,71464,5.19,1317.63,90.7,9883,4.348881918445816,7.247799251239502,133.3228776687241,5.251441869877568,Central
2014,Henan,74.51,45.93,71154,5.5,1437.22,91.2,9941,4.620259531234282,7.49522180867116,144.57499245548738,5.532642591288603,Central
2015,Henan,77.11,48.96,71394,5.56,1492.1,87.2,9901,4.944955055044945,7.7881022118977885,150.7019492980507,5.615594384405615,Central
2016,Henan,79.65,52.15,71271,5.78,1593.89,87.9,9864,5.2869018653690185,8.074817518248175,161.5865774533658,5.859691808596918,Central
2017,Henan,82.76,55.9,71089,5.85,1734.57,88.4,9829,5.687252009360057,8.419981686845052,176.47471767219452,5.951775358632617,Central
2018,Henan,86.32,60.85,71351,5.85,1910.99,87.6,9778,6.223154019226836,8.827981182245857,195.43771732460627,5.982818572305175,Central
2019,Henan,88.78,64.01,70734,6.1,2013.22,88.1,9701,6.598288836202453,9.151633852180188,207.52705906607565,6.288011545201526,Central
2020,Henan,94.05,66.72,74644,5.74,1824.4,78.1,9645,6.917573872472784,9.751166407465009,189.1550025920166,5.951270088128564,Central
2021,Henan,96.96,72.13,78536,6.19,1908.9,80.1,9573,7.534733103520318,10.128486367909746,199.40457536822314,6.466102580173406,Central
2022,Henan,101.56,75.22,81694,6.14,1848.72,73.1,9532,7.891313470415443,10.654637012169534,193.94880402853545,6.441460344104071,Central
2023,Henan,106.98,77.74,85044,6.84,2290.5,83.1,9461,8.216890392136136,11.307472783003911,242.09914385371525,7.229679737871261,Central
2011,Hubei,36.52,22.4,35625,2.68,717.62,98.7,5838,3.8369304556354913,6.255566974991436,122.92223364165811,4.5906132237067485,Central
2012,Hubei,38.64,25.3,35240,3.06,867.4,99.3,5844,4.329226557152635,6.611909650924025,148.42573579739903,5.236139630390143,Central
2013,Hubei,41.12,28.82,35631,3.21,950.78,96.5,5830,4.943396226415095,7.0531732418524875,163.08404802744425,5.506003430531733,Central
2014,Hubei,43.82,31.75,36077,3.45,1053.66,96.1,5745,5.526544821583986,7.627502175805048,183.40469973890342,6.005221932114883,Central
2015,Hubei,47.57,34.31,36179,3.48,1103.3,92.4,5927,5.788763286654294,8.0259827906192,186.14813565041337,5.87143580226084,Central
2016,Hubei,49.41,36.06,36354,3.55,1190.84,92.0,5917,6.094304546222748,8.350515463917525,201.25739394963662,5.999661990873753,Central
2017,Hubei,51.0,37.62,36357,3.56,1276.88,92.7,5904,6.371951219512194,8.638211382113822,216.2737127371274,6.029810298102981,Central
2018,Hubei,52.19,39.35,36486,3.51,1317.65,92.7,5885,6.686491079014443,8.868309260832625,223.8997451146984,5.964316057774002,Central
2019,Hubei,52.63,40.33,35515,3.54,1367.02,92.3,5850,6.894017094017094,8.996581196581198,233.67863247863247,6.051282051282051,Central
2020,Hubei,53.8,41.14,35447,2.95,1027.0,72.1,5816,7.073590096286108,9.250343878954608,176.5818431911967,5.0722145804676755,Central
2021,Hubei,56.41,43.4,36529,3.44,1212.0,78.9,5798,7.485339772335287,9.729216971369437,209.03759917212832,5.933080372542256,Central
2022,Hubei,57.7,45.03,36782,3.43,1234.41,77.2,5781,7.789309807991697,9.980972150147034,213.52880124545928,5.933229545061408,Central
2023,Hubei,60.22,47.61,38586,3.68,1494.04,84.8,5760,8.265625,10.45486111111111,259.38194444444446,6.388888888888889,Central
2011,Hunan,38.8,25.77,59634,2.17,897.88,94.8,6568,3.923568818514007,5.907429963459196,136.70523751522535,3.3038976857490865,Central
2012,Hunan,40.35,28.7,58612,2.29,1047.58,96.0,6604,4.345850999394306,6.109933373712901,158.62810417928526,3.467595396729255,Central
2013,Hunan,44.22,31.41,62210,2.44,1152.24,94.3,6622,4.7432799758381154,6.677740863787376,174.00181214134702,3.684687405617638,Central
2014,Hunan,46.27,35.55,61571,2.51,1222.67,89.5,6645,5.349887133182843,6.963130173062454,183.9984951091046,3.777276147479307,Central
2015,Hunan,49.42,39.7,62646,2.57,1295.3,86.4,6640,5.9789156626506035,7.442771084337349,195.07530120481928,3.8704819277108435,Central
2016,Hunan,51.55,42.58,61055,2.64,1391.05,86.0,6635,6.417483044461191,7.769404672192915,209.65335342878674,3.978899773926149,Central
2017,Hunan,53.67,45.23,58624,2.71,1464.86,85.2,6633,6.818935624905774,8.091361374943466,220.84426353083066,4.085632443841399,Central
2018,Hunan,55.78,48.24,56239,2.69,1537.7,84.3,6625,7.281509433962265,8.419622641509434,232.1056603773585,4.060377358490566,Central
2019,Hunan,61.83,50.63,57230,2.81,1606.7,83.7,6615,7.653817082388511,9.346938775510203,242.88737717309147,4.247921390778534,Central
2020,Hunan,61.45,51.99,56042,2.67,1478.1,76.2,6611,7.864165784298896,9.295114203600061,223.581908939646,4.038723339888065,Central
2021,Hunan,61.98,53.27,55677,3.01,1505.8,77.6,6600,8.071212121212122,9.39090909090909,228.15151515151513,4.56060606060606,Central
2022,Hunan,63.2,54.45,55338,3.44,1457.19,74.8,6590,8.262518968133536,9.590288315629742,221.12139605462824,5.2200303490136575,Central
2023,Hunan,68.3,53.39,57503,4.04,1604.59,79.6,6581,8.112748822367422,10.378361951071266,243.82160765841058,6.138884667983589,Central
2011,Guangdong,62.66,32.5,45930,6.53,1083.55,86.6,12706,2.557846686604754,4.931528411773965,85.27860853140248,5.139304265701243,East
2012,Guangdong,66.25,35.53,46534,7.15,1228.01,87.1,12657,2.807142292802402,5.234257722999131,97.02220115351189,5.649047957651892,East
2013,Guangdong,70.8,37.84,47835,7.58,1296.69,87.3,12684,2.983286029643646,5.581835383159886,102.23036896877957,5.976032797224851,East
2014,Guangdong,73.26,40.58,48085,7.81,1392.36,86.3,12624,3.214512040557668,5.803231939163498,110.29467680608364,6.186628643852979,East
2015,Guangdong,76.85,43.57,48320,7.86,1438.9,83.5,12489,3.488670029626071,6.15341500520458,115.2133877812475,6.29353831371607,East
2016,Guangdong,81.91,46.51,49079,8.12,1544.86,84.0,12348,3.7666018788467768,6.6334629089731125,125.11013929381276,6.57596371882086,East
2017,Guangdong,86.41,49.21,49874,8.36,1632.41,84.0,12141,4.05320813771518,7.117206160942262,134.4543283090355,6.885758998435055,East
2018,Guangdong,91.84,51.69,51451,8.45,1708.73,83.0,11908,4.340779308028216,7.7124622102788045,143.49428955324154,7.096069868995633,East
2019,Guangdong,96.19,54.52,53900,8.92,1814.17,82.2,11678,4.668607638294229,8.23685562596335,155.34937489296112,7.638294228463778,East
2020,Guangdong,100.62,56.48,55900,7.26,1567.7,71.1,11489,4.916006615023065,8.757942379667508,136.45225868221777,6.319087823135173,East
2021,Guangdong,105.87,58.9,57964,8.17,1730.0,74.3,11270,5.226264418811003,9.39396628216504,153.50488021295476,7.249334516415262,East
2022,Guangdong,110.96,60.83,59531,8.06,1752.58,72.2,11041,5.5094647223983335,10.04981432841228,158.73381034326601,7.300063400054343,East
2023,Guangdong,116.91,62.86,62819,9.06,2020.04,78.8,10756,5.844179992562291,10.869282261063592,187.8058757902566,8.42320565265898,East
2011,Guangxi,28.35,15.2,34026,2.05,591.86,93.3,5027,3.023672170280485,5.639546449174459,117.73622438830317,4.077978913865128,West
2012,Guangxi,30.38,16.87,34152,2.32,696.32,95.6,5047,3.342579750346741,6.019417475728154,137.96710917376663,4.596790172379632,West
2013,Guangxi,33.48,18.72,33943,2.5,816.19,97.5,5037,3.7164979154258484,6.646813579511614,162.0389120508239,4.963271788763152,West
2014,Guangxi,35.76,20.16,34667,2.49,831.47,95.1,5019,4.016736401673641,7.124925283921099,165.66447499501894,4.961147638971908,West
2015,Guangxi,37.48,21.45,34439,2.52,828.3,89.8,4982,4.305499799277398,7.523083099156965,166.25853071055798,5.058209554395825,West
2016,Guangxi,39.06,22.45,34253,2.54,858.44,88.0,4947,4.538103901354356,7.895694360218315,173.52739033757834,5.134424903982212,West
2017,Guangxi,40.48,24.11,34008,2.61,897.6,87.7,4907,4.913389036070918,8.249439576115753,182.92235581821888,5.31893213776238,West
2018,Guangxi,42.04,25.59,33742,2.56,929.51,87.6,4857,5.268684373069797,8.655548692608606,191.3753345686638,5.270743257154622,West
2019,Guangxi,44.04,27.74,33679,2.61,1043.64,90.0,4811,5.765953024319268,9.154022032841404,216.92787362294743,5.425067553523176,West
2020,Guangxi,47.22,29.56,33875,2.32,996.9,82.8,4770,6.19706498951782,9.89937106918239,208.9937106918239,4.863731656184487,West
2021,Guangxi,49.32,31.9,34112,2.56,1064.0,81.6,4731,6.742760515747199,10.424857324032974,224.89959839357428,5.411118156837878,West
2022,Guangxi,51.71,34.17,34500,2.63,1113.54,79.5,4694,7.27950575202386,11.016190881976991,237.2262462718364,5.602897315722198,West
2023,Guangxi,53.61,36.2,34888,2.62,1303.68,84.0,4655,7.776584317937702,11.516648764769064,280.0601503759398,5.628356605800215,West
2011,Hainan,5.69,2.85,4816,0.37,76.52,86.5,1043,2.7325023969319275,5.455417066155322,73.3652924256951,3.5474592521572386,East
2012,Hainan,5.93,3.03,5154,0.39,83.9,84.5,1027,2.950340798442064,5.774099318403116,81.69425511197663,3.7974683544303796,East
2013,Hainan,6.35,3.21,5011,0.42,90.59,84.9,1020,3.1470588235294117,6.225490196078431,88.81372549019609,4.117647058823529,East
2014,Hainan,6.66,3.45,5075,0.45,96.96,80.5,1012,3.409090909090909,6.58102766798419,95.81027667984189,4.446640316205533,East
2015,Hainan,7.13,3.87,5046,0.46,104.5,79.4,995,3.8894472361809047,7.165829145728643,105.0251256281407,4.623115577889447,East
2016,Hainan,7.46,4.03,5144,0.49,109.91,78.2,982,4.103869653767821,7.596741344195519,111.92464358452138,4.989816700610998,East
2017,Hainan,7.74,4.2,5180,0.5,116.15,81.1,972,4.320987654320988,7.962962962962964,119.49588477366257,5.1440329218107,East
2018,Hainan,8.14,4.48,5325,0.51,119.55,79.6,957,4.681295715778475,8.505747126436782,124.92163009404389,5.329153605015674,East
2019,Hainan,8.59,4.98,5417,0.53,128.95,78.4,945,5.26984126984127,9.089947089947088,136.45502645502643,5.608465608465608,East
2020,Hainan,9.41,5.85,6127,0.53,115.8,66.6,936,6.249999999999999,10.053418803418804,123.71794871794872,5.662393162393163,East
2021,Hainan,9.96,6.14,6277,0.51,128.3,68.3,920,6.67391304347826,10.82608695652174,139.45652173913044,5.543478260869565,East
2022,Hainan,10.23,6.12,6384,0.5,121.75,63.6,910,6.725274725274725,11.241758241758243,133.7912087912088,5.4945054945054945,East
2023,Hainan,10.61,6.09,6538,0.55,145.83,71.1,890,6.842696629213483,11.921348314606742,163.85393258426967,6.179775280898877,East
2011,Chongqing,17.08,11.56,17650,1.25,371.86,91.2,3191,3.6226888122845504,5.352554058288937,116.53400188028832,3.917267314321529,West
2012,Chongqing,18.41,13.08,17961,1.33,448.17,91.9,3213,4.070961718020542,5.729847494553377,139.48646125116716,4.139433551198257,West
2013,Chongqing,19.77,14.74,18926,1.39,503.78,89.6,3212,4.589041095890411,6.155043586550436,156.84308841843085,4.327521793275217,West
2014,Chongqing,21.05,16.06,18767,1.38,548.81,88.5,3209,5.004674353381115,6.55967591149891,171.0221252726706,4.300405110626363,West
2015,Chongqing,22.71,17.65,19806,1.45,588.1,86.8,3188,5.536386449184441,7.123588456712673,184.47302383939777,4.548306148055207,West
2016,Chongqing,24.28,19.09,19933,1.49,628.03,84.4,3163,6.035409421435346,7.676256718305407,198.55516914321848,4.7107176730951625,West
2017,Chongqing,25.59,20.64,19682,1.56,682.73,84.1,3144,6.564885496183206,8.139312977099236,217.1533078880407,4.961832061068702,West
2018,Chongqing,27.28,22.01,20524,1.6,703.3,82.2,3110,7.077170418006431,8.771704180064308,226.14147909967843,5.144694533762058,West
2019,Chongqing,28.8,23.18,21057,1.75,749.93,82.2,3070,7.550488599348535,9.381107491856678,244.27687296416937,5.700325732899023,West
2020,Chongqing,30.16,23.55,20922,1.7,674.1,74.7,3043,7.739073282944463,9.911271771278344,221.52481104173512,5.58659217877095,West
2021,Chongqing,30.85,24.07,21361,1.94,729.8,78.2,3011,7.994021919628031,10.245765526403188,242.37794752573893,6.44304217867818,West
2022,Chongqing,31.59,25.08,22259,1.97,728.16,75.9,2975,8.430252100840335,10.618487394957983,244.7596638655462,6.621848739495798,West
2023,Chongqing,33.47,25.56,23389,2.15,837.45,81.9,2944,8.682065217391305,11.368885869565217,284.45991847826093,7.302989130434782,West
2011,Sichuan,50.57,33.47,75815,3.89,1118.54,96.7,8368,3.999760994263862,6.043260038240918,133.6687380497132,4.648661567877629,West
2012,Sichuan,54.9,39.01,76557,4.24,1376.22,97.4,8374,4.658466682588966,6.556006687365655,164.34439933126345,5.063291139240507,West
2013,Sichuan,59.6,42.66,80037,4.35,1443.45,95.4,8372,5.095556617295748,7.118967988533206,172.41399904443384,5.195891065456283,West
2014,Sichuan,62.69,45.96,81070,4.45,1501.16,92.0,8371,5.490383466730379,7.488949946242982,179.32863457173576,5.315971807430414,West
2015,Sichuan,64.65,48.88,80109,4.51,1542.6,89.6,8351,5.853191234582685,7.741587833792361,184.72039276733324,5.400550832235661,West
2016,Sichuan,67.04,51.92,79513,4.64,1647.27,90.2,8321,6.239634659295758,8.056723951448145,197.96538877538757,5.5762528542242515,West
2017,Sichuan,70.99,56.35,80481,4.85,1818.03,91.3,8289,6.798166244420316,8.564362408010616,219.33043792978646,5.851128000965135,West
2018,Sichuan,74.63,59.89,81537,5.16,1827.0,88.7,8251,7.258514119500667,9.044964246757967,221.4277057326385,6.253787419706702,West
2019,Sichuan,79.34,63.18,83756,5.6,1973.99,89.4,8196,7.708638360175695,9.68033186920449,240.84797462176672,6.832601268911664,West
2020,Sichuan,82.45,64.98,82793,5.12,1755.4,79.0,8139,7.983781791374862,10.130237129868535,215.67760167096696,6.2906991030839166,West
2021,Sichuan,86.54,66.2,80249,5.46,1856.7,82.2,8109,8.163768652114936,10.672092736465657,228.96781354051055,6.733259341472438,West
2022,Sichuan,88.75,68.39,74041,5.49,1877.61,79.1,8085,8.45887445887446,10.977118119975263,232.2337662337662,6.790352504638219,West
2023,Sichuan,92.61,70.86,74975,5.9,2260.02,86.0,8064,8.787202380952381,11.484375,280.2604166666667,7.316468253968254,West
2011,Guizhou,16.91,11.75,25943,1.08,439.37,87.1,3865,3.0401034928848643,4.3751617076326,113.67917205692109,2.794307891332471,West
2012,Guizhou,19.11,13.92,27404,1.15,562.06,89.1,3856,3.6099585062240664,4.955912863070539,145.7624481327801,2.982365145228216,West
2013,Guizhou,22.16,16.67,29177,1.27,646.07,85.2,3852,4.327622014537902,5.752855659397715,167.7232606438214,3.2969885773624092,West
2014,Guizhou,23.75,18.22,28995,1.3,633.84,82.7,3858,4.72265422498704,6.156039398652151,164.29237947122863,3.3696215655780195,West
2015,Guizhou,25.91,19.64,28712,1.32,626.5,80.9,3848,5.103950103950104,6.733367983367983,162.8118503118503,3.4303534303534304,West
2016,Guizhou,27.74,21.03,28017,1.38,654.61,78.2,3822,5.502354788069074,7.2579801151229715,171.2742019884877,3.6106750392464675,West
2017,Guizhou,30.19,23.3,28034,1.52,727.21,79.9,3803,6.126742045753352,7.938469629240073,191.2200894031028,3.996844596371286,West
2018,Guizhou,32.34,24.56,28066,1.64,809.6,81.8,3758,6.535391165513571,8.605641298563066,215.43374135178286,4.364023416711016,West
2019,Guizhou,34.71,26.5,28511,1.76,854.53,81.5,3708,7.146709816612729,9.36084142394822,230.45577130528585,4.746494066882416,West
2020,Guizhou,36.69,27.64,28880,1.62,776.4,75.7,3677,7.5169975523524615,9.97824313298885,211.15039434321457,4.405765569757955,West
2021,Guizhou,38.41,29.69,29292,1.81,839.4,76.5,3632,8.174559471365638,10.57544052863436,231.1123348017621,4.983480176211454,West
2022,Guizhou,39.83,30.97,29150,1.92,868.55,75.2,3587,8.633955952049066,11.10398661834402,242.13827711179255,5.352662391971006,West
2023,Guizhou,43.05,31.54,30695,2.09,1037.26,80.1,3530,8.93484419263456,12.195467422096316,293.8413597733711,5.920679886685552,West
2011,Yunnan,21.53,17.34,23248,1.8,515.08,88.7,4673,3.7106783650759683,4.607318638989943,110.22469505670875,3.851915257864327,West
2012,Yunnan,23.34,19.47,23395,2.0,619.65,89.1,4693,4.14873215427232,4.973364585552951,132.0370764969103,4.261666311527807,West
2013,Yunnan,26.55,21.01,24264,2.11,671.0,85.4,4690,4.479744136460554,5.660980810234542,143.07036247334753,4.498933901918977,West
2014,Yunnan,28.28,22.49,24281,2.19,725.9,85.5,4722,4.76281236764083,5.988987717069039,153.72723422278693,4.637865311308768,West
2015,Yunnan,30.46,23.76,24181,2.28,744.8,82.9,4714,5.040305473058973,6.46160373355961,157.9974543911752,4.836656767076792,West
2016,Yunnan,32.98,25.36,24234,2.45,816.86,83.0,4703,5.392302785456091,7.012545183925153,173.6891345949394,5.209440782479269,West
2017,Yunnan,36.92,27.48,24684,2.55,886.13,83.2,4693,5.855529512039208,7.867036011080332,188.8195184317068,5.4336245471979545,West
2018,Yunnan,38.98,29.12,24954,2.58,957.04,85.8,4677,6.226213384648279,8.334402394697454,204.6268975839213,5.516356638871072,West
2019,Yunnan,42.93,31.19,25587,2.82,1007.33,83.8,4663,6.688826935449281,9.20651940810637,216.0261634141111,6.047608835513618,West
2020,Yunnan,45.89,32.52,26626,2.7,967.9,77.5,4653,6.9890393294648625,9.862454330539437,208.01633354824844,5.802707930367505,West
2021,Yunnan,47.0,33.03,26885,2.94,992.0,78.5,4641,7.117000646412412,10.127127774186599,213.74703727644902,6.334841628959276,West
2022,Yunnan,48.63,34.12,27528,3.1,1011.31,76.2,4631,7.3677391492118325,10.500971712373138,218.37832001727486,6.694018570503131,West
2023,Yunnan,51.27,35.99,28765,3.18,1158.15,79.8,4620,7.7900432900432905,11.0974025974026,250.68181818181822,6.883116883116883,West
2011,Xizang,2.22,0.96,6602,0.11,16.12,69.6,365,2.6301369863013697,6.082191780821918,44.16438356164384,3.0136986301369864,West
2012,Xizang,2.16,0.84,6660,0.1,14.4,72.0,364,2.3076923076923075,5.934065934065934,39.56043956043956,2.7472527472527473,West
2013,Xizang,2.47,1.1,6725,0.12,19.89,73.7,366,3.005464480874317,6.748633879781421,54.34426229508197,3.278688524590164,West
2014,Xizang,2.65,1.19,6795,0.13,23.06,75.4,366,3.251366120218579,7.240437158469946,63.00546448087431,3.551912568306011,West
2015,Xizang,2.91,1.4,6814,0.14,28.7,73.2,361,3.8781163434903045,8.06094182825485,79.50138504155125,3.8781163434903054,West
2016,Xizang,2.92,1.45,6835,0.14,28.71,74.5,354,4.096045197740113,8.248587570621469,81.10169491525424,3.9548022598870065,West
2017,Xizang,3.34,1.61,6826,0.16,32.74,72.1,349,4.613180515759312,9.570200573065902,93.810888252149,4.584527220630372,West
2018,Xizang,3.68,1.68,6844,0.16,30.91,64.6,340,4.9411764705882355,10.823529411764707,90.91176470588236,4.705882352941177,West
2019,Xizang,3.88,1.71,6940,0.16,30.47,64.8,330,5.181818181818182,11.757575757575756,92.33333333333334,4.848484848484849,West
2020,Xizang,4.1,1.86,6939,0.16,32.9,56.2,325,5.723076923076923,12.615384615384615,101.23076923076923,4.923076923076923,West
2021,Xizang,4.23,1.97,6907,0.16,32.3,56.6,317,6.214511041009464,13.343848580441641,101.89274447949526,5.047318611987381,West
2022,Xizang,4.22,2.0,6906,0.14,29.76,48.6,315,6.349206349206349,13.396825396825397,94.47619047619048,4.4444444444444455,West
2023,Xizang,4.63,2.16,7058,0.16,35.37,54.4,309,6.990291262135923,14.983818770226536,114.46601941747572,5.17799352750809,West
2011,Shaanxi,27.55,15.38,36396,1.47,403.95,84.0,3952,3.8917004048583,6.971153846153847,102.21406882591093,3.7196356275303644,West
2012,Shaanxi,29.38,16.92,36271,1.61,496.65,89.8,3956,4.277047522750253,7.426693629929222,125.54347826086956,4.069767441860465,West
2013,Shaanxi,32.19,18.51,37137,1.72,543.38,87.7,3954,4.681335356600911,8.14112291350531,137.42539200809307,4.350025290844714,West
2014,Shaanxi,33.63,19.94,37247,1.75,591.81,86.7,3955,5.041719342604298,8.503160556257901,149.63590391908974,4.424778761061947,West
2015,Shaanxi,34.99,21.19,37030,1.75,622.5,83.4,3944,5.372718052738337,8.871703853955376,157.8346855983773,4.4371196754563895,West
2016,Shaanxi,37.26,22.54,36598,1.85,675.53,82.2,3931,5.733909946578478,9.47850419740524,171.8468583057746,4.70618163317222,West
2017,Shaanxi,39.38,24.13,35861,1.92,745.44,83.7,3904,6.180840163934426,10.087090163934427,190.94262295081967,4.918032786885246,West
2018,Shaanxi,41.09,25.37,35300,1.96,795.04,84.0,3874,6.548786783686112,10.606608156943729,205.22457408363448,5.059370160041301,West
2019,Shaanxi,43.56,26.58,35404,2.09,814.88,81.7,3846,6.911076443057722,11.326053042121686,211.87727509100364,5.434217368694748,West
2020,Shaanxi,44.53,27.24,34983,1.77,672.8,68.7,3827,7.1178468774497,11.635746015155474,175.80350143715702,4.625032662660047,West
2021,Shaanxi,44.59,28.45,34971,1.87,727.9,72.4,3804,7.478969505783386,11.721871713985278,191.35120925341744,4.915878023133543,West
2022,Shaanxi,45.59,28.96,34779,1.81,728.16,70.0,3787,7.647214153683654,12.038552944283074,192.27884869289673,4.779508846052284,West
2023,Shaanxi,47.1,30.62,35133,2.17,940.67,81.0,3765,8.132802124833997,12.50996015936255,249.84594953519255,5.763612217795485,West
2011,Gansu,14.57,9.49,26632,1.07,236.96,82.1,2465,3.8498985801217036,5.910750507099391,96.12981744421907,4.340770791075051,West
2012,Gansu,15.19,11.23,26401,1.19,290.92,85.6,2492,4.506420545746389,6.095505617977528,116.74157303370787,4.775280898876405,West
2013,Gansu,16.07,11.61,26697,1.24,320.56,84.6,2490,4.662650602409639,6.453815261044177,128.73895582329317,4.979919678714859,West
2014,Gansu,17.9,12.24,27916,1.23,336.43,83.4,2501,4.894042383046782,7.1571371451419425,134.51819272291084,4.918032786885246,West
2015,Gansu,18.14,12.77,27799,1.25,349.2,82.2,2509,5.089677162216022,7.229972100438422,139.17895575926664,4.982064567556796,West
2016,Gansu,18.68,13.43,28197,1.3,396.89,82.6,2515,5.339960238568588,7.427435387673956,157.80914512922465,5.168986083499006,West
2017,Gansu,19.92,14.66,28857,1.35,432.73,81.6,2522,5.812846946867565,7.898493259318002,171.58207771609835,5.35289452815226,West
2018,Gansu,20.7,16.27,27897,1.32,484.81,81.6,2520,6.4563492063492065,8.214285714285714,192.38492063492063,5.238095238095238,West
2019,Gansu,22.85,18.12,26697,1.27,517.77,82.3,2523,7.181926278240191,9.056678557273088,205.21997621878717,5.033690051525961,West
2020,Gansu,22.9,17.19,26204,1.1,430.6,71.6,2531,6.791781904385619,9.047807190833662,170.13038324772816,4.34610825760569,West
2021,Gansu,24.77,18.32,25759,1.15,444.2,69.6,2537,7.221127315727236,9.763500197083168,175.08868742609383,4.532912889239259,West
2022,Gansu,25.4,18.89,25266,1.01,408.05,63.0,2550,7.407843137254901,9.96078431372549,160.01960784313727,3.9607843137254903,West
2023,Gansu,26.84,20.4,25375,1.21,587.21,75.2,2552,7.99373040752351,10.517241379310345,230.09796238244516,4.741379310344827,West
2011,Qinghai,3.88,2.31,5887,0.21,66.72,77.3,594,3.888888888888889,6.531986531986532,112.32323232323232,3.5353535353535355,West
2012,Qinghai,4.08,2.6,5948,0.21,74.42,88.0,595,4.369747899159663,6.857142857142858,125.07563025210084,3.5294117647058822,West
2013,Qinghai,4.47,2.95,6020,0.22,80.81,86.2,594,4.966329966329967,7.525252525252525,136.04377104377105,3.7037037037037037,West
2014,Qinghai,4.64,3.3,6241,0.23,87.89,81.3,593,5.564924114671163,7.8246205733558165,148.212478920742,3.87858347386172,West
2015,Qinghai,4.84,3.45,6223,0.23,83.2,76.0,590,5.8474576271186445,8.203389830508474,141.01694915254237,3.8983050847457625,West
2016,Qinghai,4.97,3.47,6291,0.24,90.73,74.4,587,5.911413969335605,8.466780238500851,154.56558773424192,4.088586030664395,West
2017,Qinghai,5.61,3.83,6375,0.25,97.53,70.6,586,6.535836177474403,9.573378839590445,166.4334470989761,4.266211604095563,West
2018,Qinghai,5.94,3.91,6396,0.25,98.46,73.2,582,6.718213058419244,10.20618556701031,169.17525773195874,4.29553264604811,West
2019,Qinghai,6.2,4.14,6513,0.27,104.75,74.1,577,7.175043327556326,10.74523396880416,181.5424610051993,4.679376083188908,West
2020,Qinghai,6.43,4.13,6407,0.24,101.5,70.2,576,7.170138888888889,11.163194444444445,176.2152777777778,4.166666666666667,West
2021,Qinghai,6.68,4.22,6408,0.27,97.3,66.6,571,7.390542907180385,11.698774080560419,170.40280210157619,4.728546409807356,West
2022,Qinghai,6.7,4.29,6376,0.24,87.23,59.7,571,7.5131348511383536,11.733800350262698,152.76707530647988,4.203152364273205,West
2023,Qinghai,7.27,4.57,6950,0.29,119.06,72.9,568,8.045774647887324,12.799295774647886,209.61267605633805,5.105633802816901,West
2011,Ningxia,4.18,2.58,4132,0.28,70.52,91.1,729,3.539094650205761,5.733882030178326,96.7352537722908,3.8408779149519896,West
2012,Ningxia,4.4,2.78,4140,0.31,81.87,92.2,728,3.8186813186813184,6.043956043956044,112.45879120879121,4.258241758241758,West
2013,Ningxia,4.76,3.11,4231,0.33,90.19,89.7,725,4.289655172413793,6.565517241379309,124.39999999999999,4.551724137931035,West
2014,Ningxia,5.07,3.25,4255,0.36,97.09,87.7,721,4.507628294036061,7.031900138696256,134.66019417475727,4.993065187239944,West
2015,Ningxia,5.26,3.38,4288,0.36,97.0,83.2,717,4.714086471408646,7.336122733612273,135.28591352859135,5.02092050209205,West
2016,Ningxia,5.62,3.63,4254,0.38,105.59,84.4,710,5.112676056338028,7.915492957746479,148.71830985915494,5.352112676056338,West
2017,Ningxia,6.2,3.98,4271,0.4,115.73,80.8,705,5.6453900709219855,8.794326241134753,164.15602836879432,5.673758865248227,West
2018,Ningxia,6.58,4.1,4450,0.41,120.29,79.9,695,5.899280575539568,9.467625899280575,173.0791366906475,5.899280575539568,West
2019,Ningxia,6.86,4.1,4397,0.44,123.03,81.1,684,5.994152046783626,10.029239766081872,179.8684210526316,6.432748538011696,West
2020,Ningxia,7.2,4.13,4574,0.4,107.1,68.8,678,6.091445427728614,10.619469026548673,157.9646017699115,5.899705014749262,West
2021,Ningxia,7.31,4.12,4571,0.41,107.9,67.4,666,6.186186186186186,10.975975975975976,162.012012012012,6.156156156156156,West
2022,Ningxia,7.43,4.18,4607,0.41,107.49,64.3,659,6.3429438543247345,11.274658573596358,163.11077389984823,6.22154779969651,West
2023,Ningxia,7.81,4.35,4863,0.51,140.98,79.7,648,6.712962962962962,12.052469135802468,217.56172839506172,7.87037037037037,West
2011,Xinjiang,16.78,12.54,17412,0.77,398.14,92.5,2598,4.826789838337183,6.458814472671286,153.24865280985372,2.9638183217859893,West
2012,Xinjiang,17.71,13.16,18320,0.84,446.46,92.1,2587,5.086973328179359,6.845767298028605,172.5782759953614,3.247004252029378,West
2013,Xinjiang,18.96,13.73,18663,0.94,462.0,88.4,2589,5.303205870992662,7.323290845886443,178.4472769409038,3.630745461568173,West
2014,Xinjiang,19.96,14.3,18873,1.0,488.7,86.8,2590,5.521235521235521,7.706563706563707,188.6872586872587,3.861003861003861,West
2015,Xinjiang,20.85,15.03,18798,1.03,510.0,86.9,2559,5.8733880422039855,8.147713950762016,199.29660023446658,4.025009769441188,West
2016,Xinjiang,22.0,15.69,18825,1.09,532.54,86.5,2520,6.226190476190476,8.730158730158731,211.3253968253968,4.325396825396825,West
2017,Xinjiang,22.44,16.76,18724,1.12,548.34,85.0,2480,6.758064516129033,9.048387096774194,221.10483870967744,4.516129032258065,West
2018,Xinjiang,22.71,17.89,18450,1.07,542.9,85.6,2428,7.368204283360791,9.353377265238882,223.5996705107084,4.406919275123559,West
2019,Xinjiang,23.64,18.64,18376,1.2,587.51,87.9,2385,7.815513626834383,9.91194968553459,246.33542976939202,5.031446540880503,West
2020,Xinjiang,24.45,18.15,18158,1.07,440.3,69.9,2325,7.806451612903225,10.516129032258066,189.3763440860215,4.602150537634409,West
2021,Xinjiang,25.67,18.61,16970,1.05,462.7,73.6,2285,8.144420131291028,11.23413566739606,202.49452954048138,4.595185995623632,West
2022,Xinjiang,26.42,17.96,16999,0.96,442.78,67.4,2253,7.971593430980915,11.726586773191302,196.52907234798045,4.26098535286285,West
2023,Xinjiang,29.73,19.75,18416,1.43,720.93,88.6,2225,8.876404494382022,13.36179775280899,324.01348314606736,6.426966292134831,West
