Year,Province,Population
2011,Beijing,2186
2012,Beijing,2184
2013,Beijing,2189
2014,Beijing,2189
2015,Beijing,2190
2016,Beijing,2192
2017,Beijing,2194
2018,Beijing,2195
2019,Beijing,2188
2020,Beijing,2171
2021,Beijing,2125
2022,Beijing,2078
2023,Beijing,2024
2011,Tianjin,1364
2012,Tianjin,1363
2013,Tianjin,1373
2014,Tianjin,1387
2015,Tianjin,1385
2016,Tianjin,1383
2017,Tianjin,1410
2018,Tianjin,1443
2019,Tianjin,1439
2020,Tianjin,1429
2021,Tianjin,1410
2022,Tianjin,1378
2023,Tianjin,1341
2011,Hebei,7393
2012,Hebei,7420
2013,Hebei,7448
2014,Hebei,7464
2015,Hebei,7447
2016,Hebei,7426
2017,Hebei,7409
2018,Hebei,7375
2019,Hebei,7345
2020,Hebei,7323
2021,Hebei,7288
2022,Hebei,7262
2023,Hebei,7232
2011,Shanxi,3466
2012,Shanxi,3481
2013,Shanxi,3480
2014,Shanxi,3490
2015,Shanxi,3497
2016,Shanxi,3502
2017,Shanxi,3510
2018,Shanxi,3514
2019,Shanxi,3519
2020,Shanxi,3528
2021,Shanxi,3535
2022,Shanxi,3548
2023,Shanxi,3562
2011,Inner Mongolia,2396
2012,Inner Mongolia,2401
2013,Inner Mongolia,2400
2014,Inner Mongolia,2403
2015,Inner Mongolia,2415
2016,Inner Mongolia,2422
2017,Inner Mongolia,2433
2018,Inner Mongolia,2436
2019,Inner Mongolia,2440
2020,Inner Mongolia,2449
2021,Inner Mongolia,2455
2022,Inner Mongolia,2464
2023,Inner Mongolia,2470
2011,Liaoning,4182
2012,Liaoning,4197
2013,Liaoning,4229
2014,Liaoning,4255
2015,Liaoning,4277
2016,Liaoning,4291
2017,Liaoning,4312
2018,Liaoning,4327
2019,Liaoning,4338
2020,Liaoning,4358
2021,Liaoning,4365
2022,Liaoning,4375
2023,Liaoning,4379
2011,Jilin,2339
2012,Jilin,2348
2013,Jilin,2375
2014,Jilin,2399
2015,Jilin,2448
2016,Jilin,2484
2017,Jilin,2526
2018,Jilin,2567
2019,Jilin,2613
2020,Jilin,2642
2021,Jilin,2668
2022,Jilin,2698
2023,Jilin,2725
2011,Heilongjiang,3062
2012,Heilongjiang,3099
2013,Heilongjiang,3125
2014,Heilongjiang,3171
2015,Heilongjiang,3255
2016,Heilongjiang,3327
2017,Heilongjiang,3399
2018,Heilongjiang,3463
2019,Heilongjiang,3529
2020,Heilongjiang,3608
2021,Heilongjiang,3666
2022,Heilongjiang,3724
2023,Heilongjiang,3782
2011,Shanghai,2487
2012,Shanghai,2475
2013,Shanghai,2489
2014,Shanghai,2488
2015,Shanghai,2481
2016,Shanghai,2475
2017,Shanghai,2466
2018,Shanghai,2467
2019,Shanghai,2458
2020,Shanghai,2467
2021,Shanghai,2448
2022,Shanghai,2399
2023,Shanghai,2356
2011,Jiangsu,8526
2012,Jiangsu,8515
2013,Jiangsu,8505
2014,Jiangsu,8477
2015,Jiangsu,8469
2016,Jiangsu,8446
2017,Jiangsu,8423
2018,Jiangsu,8381
2019,Jiangsu,8315
2020,Jiangsu,8281
2021,Jiangsu,8192
2022,Jiangsu,8120
2023,Jiangsu,8023
2011,Zhejiang,6627
2012,Zhejiang,6577
2013,Zhejiang,6540
2014,Zhejiang,6468
2015,Zhejiang,6375
2016,Zhejiang,6273
2017,Zhejiang,6170
2018,Zhejiang,6072
2019,Zhejiang,5985
2020,Zhejiang,5890
2021,Zhejiang,5784
2022,Zhejiang,5685
2023,Zhejiang,5570
2011,Anhui,6121
2012,Anhui,6127
2013,Anhui,6113
2014,Anhui,6105
2015,Anhui,6092
2016,Anhui,6076
2017,Anhui,6057
2018,Anhui,6033
2019,Anhui,6011
2020,Anhui,5997
2021,Anhui,5988
2022,Anhui,5978
2023,Anhui,5972
2011,Fujian,4183
2012,Fujian,4188
2013,Fujian,4187
2014,Fujian,4161
2015,Fujian,4137
2016,Fujian,4104
2017,Fujian,4065
2018,Fujian,4016
2019,Fujian,3984
2020,Fujian,3945
2021,Fujian,3885
2022,Fujian,3841
2023,Fujian,3784
2011,Jiangxi,4515
2012,Jiangxi,4528
2013,Jiangxi,4517
2014,Jiangxi,4519
2015,Jiangxi,4516
2016,Jiangxi,4513
2017,Jiangxi,4511
2018,Jiangxi,4496
2019,Jiangxi,4485
2020,Jiangxi,4480
2021,Jiangxi,4476
2022,Jiangxi,4475
2023,Jiangxi,4474
2011,Shandong,10123
2012,Shandong,10163
2013,Shandong,10170
2014,Shandong,10165
2015,Shandong,10106
2016,Shandong,10077
2017,Shandong,10033
2018,Shandong,9973
2019,Shandong,9866
2020,Shandong,9808
2021,Shandong,9746
2022,Shandong,9708
2023,Shandong,9665
2011,Henan,9815
2012,Henan,9872
2013,Henan,9883
2014,Henan,9941
2015,Henan,9901
2016,Henan,9864
2017,Henan,9829
2018,Henan,9778
2019,Henan,9701
2020,Henan,9645
2021,Henan,9573
2022,Henan,9532
2023,Henan,9461
2011,Hubei,5838
2012,Hubei,5844
2013,Hubei,5830
2014,Hubei,5745
2015,Hubei,5927
2016,Hubei,5917
2017,Hubei,5904
2018,Hubei,5885
2019,Hubei,5850
2020,Hubei,5816
2021,Hubei,5798
2022,Hubei,5781
2023,Hubei,5760
2011,Hunan,6568
2012,Hunan,6604
2013,Hunan,6622
2014,Hunan,6645
2015,Hunan,6640
2016,Hunan,6635
2017,Hunan,6633
2018,Hunan,6625
2019,Hunan,6615
2020,Hunan,6611
2021,Hunan,6600
2022,Hunan,6590
2023,Hunan,6581
2011,Guangdong,12706
2012,Guangdong,12657
2013,Guangdong,12684
2014,Guangdong,12624
2015,Guangdong,12489
2016,Guangdong,12348
2017,Guangdong,12141
2018,Guangdong,11908
2019,Guangdong,11678
2020,Guangdong,11489
2021,Guangdong,11270
2022,Guangdong,11041
2023,Guangdong,10756
2011,Guangxi,5027
2012,Guangxi,5047
2013,Guangxi,5037
2014,Guangxi,5019
2015,Guangxi,4982
2016,Guangxi,4947
2017,Guangxi,4907
2018,Guangxi,4857
2019,Guangxi,4811
2020,Guangxi,4770
2021,Guangxi,4731
2022,Guangxi,4694
2023,Guangxi,4655
2011,Hainan,1043
2012,Hainan,1027
2013,Hainan,1020
2014,Hainan,1012
2015,Hainan,995
2016,Hainan,982
2017,Hainan,972
2018,Hainan,957
2019,Hainan,945
2020,Hainan,936
2021,Hainan,920
2022,Hainan,910
2023,Hainan,890
2011,Chongqing,3191
2012,Chongqing,3213
2013,Chongqing,3212
2014,Chongqing,3209
2015,Chongqing,3188
2016,Chongqing,3163
2017,Chongqing,3144
2018,Chongqing,3110
2019,Chongqing,3070
2020,Chongqing,3043
2021,Chongqing,3011
2022,Chongqing,2975
2023,Chongqing,2944
2011,Sichuan,8368
2012,Sichuan,8374
2013,Sichuan,8372
2014,Sichuan,8371
2015,Sichuan,8351
2016,Sichuan,8321
2017,Sichuan,8289
2018,Sichuan,8251
2019,Sichuan,8196
2020,Sichuan,8139
2021,Sichuan,8109
2022,Sichuan,8085
2023,Sichuan,8064
2011,Guizhou,3865
2012,Guizhou,3856
2013,Guizhou,3852
2014,Guizhou,3858
2015,Guizhou,3848
2016,Guizhou,3822
2017,Guizhou,3803
2018,Guizhou,3758
2019,Guizhou,3708
2020,Guizhou,3677
2021,Guizhou,3632
2022,Guizhou,3587
2023,Guizhou,3530
2011,Yunnan,4673
2012,Yunnan,4693
2013,Yunnan,4690
2014,Yunnan,4722
2015,Yunnan,4714
2016,Yunnan,4703
2017,Yunnan,4693
2018,Yunnan,4677
2019,Yunnan,4663
2020,Yunnan,4653
2021,Yunnan,4641
2022,Yunnan,4631
2023,Yunnan,4620
2011,Xizang,365
2012,Xizang,364
2013,Xizang,366
2014,Xizang,366
2015,Xizang,361
2016,Xizang,354
2017,Xizang,349
2018,Xizang,340
2019,Xizang,330
2020,Xizang,325
2021,Xizang,317
2022,Xizang,315
2023,Xizang,309
2011,Shaanxi,3952
2012,Shaanxi,3956
2013,Shaanxi,3954
2014,Shaanxi,3955
2015,Shaanxi,3944
2016,Shaanxi,3931
2017,Shaanxi,3904
2018,Shaanxi,3874
2019,Shaanxi,3846
2020,Shaanxi,3827
2021,Shaanxi,3804
2022,Shaanxi,3787
2023,Shaanxi,3765
2011,Gansu,2465
2012,Gansu,2492
2013,Gansu,2490
2014,Gansu,2501
2015,Gansu,2509
2016,Gansu,2515
2017,Gansu,2522
2018,Gansu,2520
2019,Gansu,2523
2020,Gansu,2531
2021,Gansu,2537
2022,Gansu,2550
2023,Gansu,2552
2011,Qinghai,594
2012,Qinghai,595
2013,Qinghai,594
2014,Qinghai,593
2015,Qinghai,590
2016,Qinghai,587
2017,Qinghai,586
2018,Qinghai,582
2019,Qinghai,577
2020,Qinghai,576
2021,Qinghai,571
2022,Qinghai,571
2023,Qinghai,568
2011,Ningxia,729
2012,Ningxia,728
2013,Ningxia,725
2014,Ningxia,721
2015,Ningxia,717
2016,Ningxia,710
2017,Ningxia,705
2018,Ningxia,695
2019,Ningxia,684
2020,Ningxia,678
2021,Ningxia,666
2022,Ningxia,659
2023,Ningxia,648
2011,Xinjiang,2598
2012,Xinjiang,2587
2013,Xinjiang,2589
2014,Xinjiang,2590
2015,Xinjiang,2559
2016,Xinjiang,2520
2017,Xinjiang,2480
2018,Xinjiang,2428
2019,Xinjiang,2385
2020,Xinjiang,2325
2021,Xinjiang,2285
2022,Xinjiang,2253
2023,Xinjiang,2225