Year,Province,"Health Personnel (per 1,000 population)","Hospital Beds (per 1,000 population)",Health Care Institutions (count),Number of Visits (100 million),"Patients Discharged (10,000 person-times)",Hospital Bed Utilization Rate (%)
2011,Beijing,23.57,9.47,9495,1.62,201.18,84.4
2012,Beijing,25.32,10.02,9632,1.85,224.92,84.3
2013,Beijing,26.31,10.4,9683,2.05,245.62,83.5
2014,Beijing,27.4,10.98,9638,2.14,269.3,83.2
2015,Beijing,28.92,11.16,9771,2.18,275.4,80.6
2016,Beijing,29.95,11.7,9773,2.32,310.91,82.2
2017,Beijing,31.52,12.06,9976,2.25,328.42,82.4
2018,Beijing,32.61,12.36,10058,2.35,353.11,83.4
2019,Beijing,34.32,12.78,10336,2.49,384.15,82.6
2020,Beijing,34.81,12.7,10599,1.82,255.4,60.9
2021,Beijing,36.1,13.03,10699,2.27,349.8,73.2
2022,Beijing,36.86,13.39,10897,2.2,336.63,67.9
2023,Beijing,38.9,13.88,11487,2.75,444.26,80.3
2024,Beijing,40.16,14.11,11273,2.91,484.61,
2011,Tianjin,10.02,4.94,4428,0.87,119.51,90
2012,Tianjin,10.42,5.35,4551,0.96,132.38,87.6
2013,Tianjin,10.65,5.77,4689,1.05,135.65,84.8
2014,Tianjin,11.17,6.09,4990,1.16,148.5,83.9
2015,Tianjin,11.81,6.37,5223,1.19,150.7,81.6
2016,Tianjin,12.26,6.58,5443,1.2,162.39,82.1
2017,Tianjin,12.96,6.84,5539,1.21,158.02,78.1
2018,Tianjin,13.25,6.82,5686,1.2,162.49,77.5
2019,Tianjin,13.92,6.83,5962,1.23,169.44,79.8
2020,Tianjin,14.32,6.83,5838,0.98,129.6,61.6
2021,Tianjin,15.25,6.87,6076,1.09,162.6,68.4
2022,Tianjin,15.5,6.85,6282,1,157.78,63.3
2023,Tianjin,16.54,7.25,6799,1.19,214.2,74.6
2024,Tianjin,17.16,7.32,6939,1.23,254.22,
2011,Hebei,44.91,26.65,80185,3.35,777.28,85.6
2012,Hebei,46.33,28.44,79119,3.68,870.78,88.4
2013,Hebei,49.2,30.35,78485,3.93,919.38,88.3
2014,Hebei,51.29,32.29,78895,4.13,973.09,86.7
2015,Hebei,53.33,34.21,78594,4.21,984.1,83.6
2016,Hebei,55.51,36.05,78795,4.35,1107.12,86.3
2017,Hebei,59.06,39.5,80912,4.32,1161.78,83.7
2018,Hebei,62.4,42.19,85088,4.31,1205.93,82.7
2019,Hebei,64.72,43.01,84651,4.32,1185.59,81.3
2020,Hebei,67.5,44.2,86939,3.82,1028.3,70.8
2021,Hebei,71.03,45.5,88162,3.99,1019.9,68.9
2022,Hebei,73.29,48.57,90194,3.87,992.4,64.3
2023,Hebei,79.07,53.4,92825,5.04,1290.64,71.6
2024,Hebei,84.26,54.69,93648,5.71,1334.7,
2011,Shanxi,27.16,15.71,40339,1.09,306.97,75.4
2012,Shanxi,27.95,16.53,40192,1.19,348.47,80
2013,Shanxi,28.39,17.26,40281,1.25,366.22,80.8
2014,Shanxi,28.93,17.74,40777,1.28,388.24,81.1
2015,Shanxi,29.49,18.32,41002,1.25,379.7,76.9
2016,Shanxi,31.13,18.97,42204,1.29,425.04,75.9
2017,Shanxi,31.9,19.75,42490,1.35,453,77.6
2018,Shanxi,33.09,20.83,42079,1.3,494.29,79.6
2019,Shanxi,34.17,21.84,42162,1.31,499.33,76.6
2020,Shanxi,35.14,22.37,41140,1.23,426.2,65.9
2021,Shanxi,36.29,22.89,41007,1.34,434.8,67
2022,Shanxi,36.44,22.84,39661,1.27,414.92,62.6
2023,Shanxi,37.48,23.23,37849,1.46,523.7,71.2
2024,Shanxi,39.25,22.99,38415,1.6,538.01,
2011,Inner Mongolia,17.52,10.06,22908,0.88,233.76,81.1
2012,Inner Mongolia,18.39,11.08,23046,0.93,256.89,82.8
2013,Inner Mongolia,19.6,12.01,23257,0.99,284.5,78.7
2014,Inner Mongolia,20.3,12.9,23426,1,299.4,76
2015,Inner Mongolia,21.25,13.39,23886,1,295.3,73.2
2016,Inner Mongolia,22.11,13.92,24002,1.03,327.99,74.7
2017,Inner Mongolia,23.31,15.03,24218,1.04,361.01,74.7
2018,Inner Mongolia,24.14,15.9,24610,1.05,384,76.1
2019,Inner Mongolia,24.93,16.11,24564,1.07,361.41,71.4
2020,Inner Mongolia,25.48,16.21,24549,0.96,294.4,58.8
2021,Inner Mongolia,26.17,16.66,24948,1.03,310.9,60.1
2022,Inner Mongolia,26.78,16.77,25062,0.99,302.47,55.4
2023,Inner Mongolia,28.41,17.31,25685,1.18,406.39,67.5
2024,Inner Mongolia,30.16,17.36,26768,1.26,419.32,
2011,Liaoning,31.91,21.58,35229,1.54,479.92,85.2
2012,Liaoning,32.97,23.1,35792,1.75,549.44,87.2
2013,Liaoning,33.84,24.19,35612,1.78,589.86,88.5
2014,Liaoning,33.92,25.55,35441,1.85,631.94,87.7
2015,Liaoning,34.85,26.7,35236,1.86,643.3,85.4
2016,Liaoning,36.57,28.44,36131,1.93,687.53,83.8
2017,Liaoning,38.09,29.86,35767,2,729.78,82
2018,Liaoning,39.19,31.44,36029,1.99,737.72,78.1
2019,Liaoning,39.67,31.38,34238,2,708.8,73.8
2020,Liaoning,40.15,31.45,34131,1.63,575.4,62.2
2021,Liaoning,41.77,32.45,33051,1.67,610.3,62.7
2022,Liaoning,42.55,32.62,32679,1.58,601,58.4
2023,Liaoning,44.26,33.42,34137,1.94,779.29,70.9
2024,Liaoning,46.82,33.77,37137,2.12,781.32,
2011,Jilin,19.29,12.12,19785,0.9,266.36,75
2012,Jilin,19.64,12.78,19734,0.97,301.43,79.4
2013,Jilin,20.02,13.32,19913,1.02,304.7,80.6
2014,Jilin,20.61,14.1,19891,1.06,331.83,80.3
2015,Jilin,21.42,14.45,20612,1.05,337.2,78.5
2016,Jilin,22.32,15.12,20829,1.08,365.87,78.3
2017,Jilin,22.43,15.37,20828,1.08,382.28,77.6
2018,Jilin,24.2,16.7,22691,1.1,402.32,76
2019,Jilin,24.64,17.03,22198,1.1,401.93,76.2
2020,Jilin,27.29,17.31,25616,0.93,304.8,61.1
2021,Jilin,27.67,17.65,25344,1.05,346.1,66.4
2022,Jilin,27.88,17.72,25031,0.91,303.22,58.6
2023,Jilin,29.42,18.37,26161,1.13,418.1,71.2
2024,Jilin,30.43,17.77,26540,1.27,422.94,
2011,Heilongjiang,26.61,16.53,21749,1.06,368.57,79.6
2012,Heilongjiang,27.07,17.82,21158,1.15,421.11,82
2013,Heilongjiang,27.91,18.92,21369,1.21,469.47,84.8
2014,Heilongjiang,28.35,20.13,21229,1.21,486.7,82.4
2015,Heilongjiang,28.59,21.26,20752,1.15,512,81.4
2016,Heilongjiang,29.23,22.01,20375,1.19,561.23,82.7
2017,Heilongjiang,30.03,24.17,20283,1.18,599.04,78.9
2018,Heilongjiang,29.96,25.01,20349,1.12,582.82,73.8
2019,Heilongjiang,30.56,26.26,20375,1.13,601.72,74.5
2020,Heilongjiang,31.04,25.33,20461,0.85,360.9,48.3
2021,Heilongjiang,31.49,26.05,20578,0.96,440.2,55.5
2022,Heilongjiang,32.09,26.13,20599,0.95,469.13,55.7
2023,Heilongjiang,33.57,27.33,21417,1.2,671.89,72.2
2024,Heilongjiang,34.45,27.3,22535,1.25,677.07,
2011,Shanghai,17.66,10.71,4740,2.11,246.86,96.6
2012,Shanghai,18.34,10.98,4845,2.21,276.71,98.4
2013,Shanghai,19.23,11.43,4929,2.34,290.01,95.2
2014,Shanghai,20.17,11.75,4984,2.51,318.54,97.1
2015,Shanghai,20.84,12.28,5016,2.58,334.8,95.7
2016,Shanghai,21.71,12.92,5016,2.59,366.16,95.8
2017,Shanghai,22.78,13.46,5144,2.66,390.95,95.4
2018,Shanghai,23.82,13.9,5293,2.7,418.12,95.9
2019,Shanghai,24.87,14.65,5597,2.76,453.38,96.2
2020,Shanghai,26.14,15.22,5897,2.26,375.6,85.3
2021,Shanghai,28.1,16.04,6308,2.67,447.2,89.3
2022,Shanghai,28.84,16.53,6404,2.26,362.88,79.7
2023,Shanghai,29.77,17.5,6514,2.6,530.75,91
2024,Shanghai,31.4,18.61,6421,2.77,593.96,
2011,Jiangsu,48.18,29.64,31680,4.07,826.41,92.9
2012,Jiangsu,51.97,33.31,31050,4.51,950.45,91.9
2013,Jiangsu,55.11,36.83,30998,4.94,1049.27,91.1
2014,Jiangsu,58.96,39.23,31995,5.26,1148.24,90.3
2015,Jiangsu,61.89,41.36,31925,5.46,1214.1,88.6
2016,Jiangsu,65.41,44.31,32117,5.52,1302.75,87.3
2017,Jiangsu,69.25,46.92,32037,5.84,1416.17,87.5
2018,Jiangsu,73.93,49.15,33254,5.94,1447.46,86.4
2019,Jiangsu,78.63,51.6,34796,6.17,1523.43,85.7
2020,Jiangsu,82.33,53.5,35747,5.34,1355.8,76.1
2021,Jiangsu,85.34,54.86,36448,5.7,1415.6,77.2
2022,Jiangsu,87.53,56.3,37001,5.61,1429.52,74.5
2023,Jiangsu,91.1,57.88,39536,6.42,1708.94,81.1
2024,Jiangsu,94.2,60.41,41680,6.85,1731.51,
2011,Zhejiang,37.42,19.48,30515,4.09,550.83,94.6
2012,Zhejiang,40.01,21.33,30271,4.52,629.1,95.4
2013,Zhejiang,42.71,23.01,30063,4.75,686.29,93.2
2014,Zhejiang,45.58,24.58,30358,5.04,753.69,92.5
2015,Zhejiang,49.1,27.25,31137,5.3,789.7,88.9
2016,Zhejiang,52.36,28.99,31546,5.55,869.42,89.4
2017,Zhejiang,55.57,31.35,31979,5.95,946.35,89.4
2018,Zhejiang,58.94,33.21,32754,6.28,1018.64,89.5
2019,Zhejiang,62.8,35.02,34119,6.81,1102.83,88.4
2020,Zhejiang,65.98,36.13,34400,6.05,965.4,77.9
2021,Zhejiang,69.48,36.99,35120,6.71,1083,79.9
2022,Zhejiang,73.17,38.17,35967,6.95,1134.48,79.6
2023,Zhejiang,78.58,40.61,37679,7.53,1324.19,84.5
2024,Zhejiang,81.43,41.32,39593,7.9,1395.09,
2011,Anhui,31.54,20.42,22884,2.04,594.45,87.2
2012,Anhui,33.48,22.23,23275,2.35,708.9,88.1
2013,Anhui,35.38,23.6,24645,2.55,756.04,86.8
2014,Anhui,36.57,25.2,24824,2.63,818.18,87.7
2015,Anhui,37.74,26.74,24853,2.64,838.7,85
2016,Anhui,38.82,28.17,24385,2.63,891.36,84.8
2017,Anhui,40.75,30.57,24491,2.8,990.88,86.2
2018,Anhui,42.7,32.81,24925,2.97,1009.68,83.3
2019,Anhui,45.46,34.74,26435,3.33,1032.41,83.1
2020,Anhui,50.32,40.78,29391,3.46,945.6,72.4
2021,Anhui,51.94,41.1,29554,3.64,947.3,70.7
2022,Anhui,55.34,44.4,30176,3.7,963.35,68.4
2023,Anhui,59.02,45.35,31361,3.89,1164.72,76
2024,Anhui,59.9,44.9,32635,4.03,1200.33,
2011,Fujian,21.76,12.42,27147,1.75,440.25,90.6
2012,Fujian,23.68,13.93,27276,1.92,509.81,92.1
2013,Fujian,26.18,15.61,28175,2.04,525.34,88.5
2014,Fujian,27.36,16.48,28030,2.12,532.8,86.8
2015,Fujian,28.13,17.3,27921,2.12,521.9,82.6
2016,Fujian,28.82,17.48,27656,2.19,533.88,81.9
2017,Fujian,30.06,18.24,27217,2.26,549.42,83.1
2018,Fujian,31.85,19.25,27590,2.34,574.67,83.9
2019,Fujian,33.43,20.22,27788,2.49,607.78,82.8
2020,Fujian,35.1,21.68,28105,2.4,531.8,71.6
2021,Fujian,36.61,22.38,28693,2.67,560.2,73.6
2022,Fujian,37.96,23.24,29116,2.62,566.43,72.7
2023,Fujian,39.71,24.21,30023,2.91,672.34,79.6
2024,Fujian,41.04,24.89,30543,3.22,709.1,
2011,Jiangxi,24.46,13.56,39154,1.79,564.66,94.1
2012,Jiangxi,25.96,16.37,39509,1.9,661.61,94.6
2013,Jiangxi,26.98,17.43,38902,1.99,686.17,93.2
2014,Jiangxi,28.08,18.67,38873,2.11,694.52,93.2
2015,Jiangxi,29.16,19.78,38557,2.08,709.7,90.4
2016,Jiangxi,30.17,20.91,38272,2.13,742.05,89.4
2017,Jiangxi,31.78,23.4,37791,2.16,820.61,85.8
2018,Jiangxi,32.58,24.95,36545,2.12,861.87,86.7
2019,Jiangxi,34.83,26.71,37029,2.36,882.66,84.8
2020,Jiangxi,36.78,28.58,36716,2.2,803.7,75.7
2021,Jiangxi,38.17,30.73,36764,2.29,857.9,76.2
2022,Jiangxi,39.08,31.45,35683,2.33,823.36,73
2023,Jiangxi,43.91,34.07,40129,2.56,945.14,77.5
2024,Jiangxi,45.97,34.05,39392,2.76,938.7,
2011,Shandong,68.96,41.61,68275,5.18,1201.51,85
2012,Shandong,73.89,47.38,68840,5.83,1399.23,85.6
2013,Shandong,81.93,48.97,75426,6.22,1406.16,85.2
2014,Shandong,83.85,50.06,77012,6.31,1501.74,86.9
2015,Shandong,85.57,51.94,77259,6.15,1513.3,84.3
2016,Shandong,87.41,54.1,76997,6.22,1684.2,85
2017,Shandong,91.79,58.48,79050,6.44,1818.92,83.4
2018,Shandong,96.14,60.85,81470,6.56,1838.05,82.5
2019,Shandong,100.06,62.97,83616,6.75,1849.93,80.7
2020,Shandong,102.79,64.69,84872,6.13,1658.7,71
2021,Shandong,105.57,67.39,85715,6.72,1817.1,75.3
2022,Shandong,107.88,69.36,86026,6.67,1809.88,68.7
2023,Shandong,113.59,73.86,88186,7.82,2335.93,79.2
2024,Shandong,118.16,76.1,90070,9.03,2464.99,
2011,Henan,62.35,34.96,76128,4.65,1081.61,88.1
2012,Henan,65.26,39.4,69258,4.97,1265.06,91.5
2013,Henan,71.63,42.98,71464,5.19,1317.63,90.7
2014,Henan,74.51,45.93,71154,5.5,1437.22,91.2
2015,Henan,77.11,48.96,71394,5.56,1492.1,87.2
2016,Henan,79.65,52.15,71271,5.78,1593.89,87.9
2017,Henan,82.76,55.9,71089,5.85,1734.57,88.4
2018,Henan,86.32,60.85,71351,5.85,1910.99,87.6
2019,Henan,88.78,64.01,70734,6.1,2013.22,88.1
2020,Henan,94.05,66.72,74644,5.74,1824.4,78.1
2021,Henan,96.96,72.13,78536,6.19,1908.9,80.1
2022,Henan,101.56,75.22,81694,6.14,1848.72,73.1
2023,Henan,106.98,77.74,85044,6.84,2290.5,83.1
2024,Henan,109.55,76.51,86702,6.87,2263.81,
2011,Hubei,36.52,22.4,35625,2.68,717.62,98.7
2012,Hubei,38.64,25.3,35240,3.06,867.4,99.3
2013,Hubei,41.12,28.82,35631,3.21,950.78,96.5
2014,Hubei,43.82,31.75,36077,3.45,1053.66,96.1
2015,Hubei,47.57,34.31,36179,3.48,1103.3,92.4
2016,Hubei,49.41,36.06,36354,3.55,1190.84,92
2017,Hubei,51,37.62,36357,3.56,1276.88,92.7
2018,Hubei,52.19,39.35,36486,3.51,1317.65,92.7
2019,Hubei,52.63,40.33,35515,3.54,1367.02,92.3
2020,Hubei,53.8,41.14,35447,2.95,1027,72.1
2021,Hubei,56.41,43.4,36529,3.44,1212,78.9
2022,Hubei,57.7,45.03,36782,3.43,1234.41,77.2
2023,Hubei,60.22,47.61,38586,3.68,1494.04,84.8
2024,Hubei,61.59,47.58,38897,3.86,1524.65,
2011,Hunan,38.8,25.77,59634,2.17,897.88,94.8
2012,Hunan,40.35,28.7,58612,2.29,1047.58,96
2013,Hunan,44.22,31.41,62210,2.44,1152.24,94.3
2014,Hunan,46.27,35.55,61571,2.51,1222.67,89.5
2015,Hunan,49.42,39.7,62646,2.57,1295.3,86.4
2016,Hunan,51.55,42.58,61055,2.64,1391.05,86
2017,Hunan,53.67,45.23,58624,2.71,1464.86,85.2
2018,Hunan,55.78,48.24,56239,2.69,1537.7,84.3
2019,Hunan,61.83,50.63,57230,2.81,1606.7,83.7
2020,Hunan,61.45,51.99,56042,2.67,1478.1,76.2
2021,Hunan,61.98,53.27,55677,3.01,1505.8,77.6
2022,Hunan,63.2,54.45,55338,3.44,1457.19,74.8
2023,Hunan,68.3,53.39,57503,4.04,1604.59,79.6
2024,Hunan,68.5,52.32,57611,3.96,1614.81,
2011,Guangdong,62.66,32.5,45930,6.53,1083.55,86.6
2012,Guangdong,66.25,35.53,46534,7.15,1228.01,87.1
2013,Guangdong,70.8,37.84,47835,7.58,1296.69,87.3
2014,Guangdong,73.26,40.58,48085,7.81,1392.36,86.3
2015,Guangdong,76.85,43.57,48320,7.86,1438.9,83.5
2016,Guangdong,81.91,46.51,49079,8.12,1544.86,84
2017,Guangdong,86.41,49.21,49874,8.36,1632.41,84
2018,Guangdong,91.84,51.69,51451,8.45,1708.73,83
2019,Guangdong,96.19,54.52,53900,8.92,1814.17,82.2
2020,Guangdong,100.62,56.48,55900,7.26,1567.7,71.1
2021,Guangdong,105.87,58.9,57964,8.17,1730,74.3
2022,Guangdong,110.96,60.83,59531,8.06,1752.58,72.2
2023,Guangdong,116.91,62.86,62819,9.06,2020.04,78.8
2024,Guangdong,120.25,64.44,66125,9.65,2159.4,
2011,Guangxi,28.35,15.2,34026,2.05,591.86,93.3
2012,Guangxi,30.38,16.87,34152,2.32,696.32,95.6
2013,Guangxi,33.48,18.72,33943,2.5,816.19,97.5
2014,Guangxi,35.76,20.16,34667,2.49,831.47,95.1
2015,Guangxi,37.48,21.45,34439,2.52,828.3,89.8
2016,Guangxi,39.06,22.45,34253,2.54,858.44,88
2017,Guangxi,40.48,24.11,34008,2.61,897.6,87.7
2018,Guangxi,42.04,25.59,33742,2.56,929.51,87.6
2019,Guangxi,44.04,27.74,33679,2.61,1043.64,90
2020,Guangxi,47.22,29.56,33875,2.32,996.9,82.8
2021,Guangxi,49.32,31.9,34112,2.56,1064,81.6
2022,Guangxi,51.71,34.17,34500,2.63,1113.54,79.5
2023,Guangxi,53.61,36.2,34888,2.62,1303.68,84
2024,Guangxi,55.95,37.73,34685,2.62,1365.11,
2011,Hainan,5.69,2.85,4816,0.37,76.52,86.5
2012,Hainan,5.93,3.03,5154,0.39,83.9,84.5
2013,Hainan,6.35,3.21,5011,0.42,90.59,84.9
2014,Hainan,6.66,3.45,5075,0.45,96.96,80.5
2015,Hainan,7.13,3.87,5046,0.46,104.5,79.4
2016,Hainan,7.46,4.03,5144,0.49,109.91,78.2
2017,Hainan,7.74,4.2,5180,0.5,116.15,81.1
2018,Hainan,8.14,4.48,5325,0.51,119.55,79.6
2019,Hainan,8.59,4.98,5417,0.53,128.95,78.4
2020,Hainan,9.41,5.85,6127,0.53,115.8,66.6
2021,Hainan,9.96,6.14,6277,0.51,128.3,68.3
2022,Hainan,10.23,6.12,6384,0.5,121.75,63.6
2023,Hainan,10.61,6.09,6538,0.55,145.83,71.1
2024,Hainan,10.96,6.15,6382,0.57,156.09,
2011,Chongqing,17.08,11.56,17650,1.25,371.86,91.2
2012,Chongqing,18.41,13.08,17961,1.33,448.17,91.9
2013,Chongqing,19.77,14.74,18926,1.39,503.78,89.6
2014,Chongqing,21.05,16.06,18767,1.38,548.81,88.5
2015,Chongqing,22.71,17.65,19806,1.45,588.1,86.8
2016,Chongqing,24.28,19.09,19933,1.49,628.03,84.4
2017,Chongqing,25.59,20.64,19682,1.56,682.73,84.1
2018,Chongqing,27.28,22.01,20524,1.6,703.3,82.2
2019,Chongqing,28.8,23.18,21057,1.75,749.93,82.2
2020,Chongqing,30.16,23.55,20922,1.7,674.1,74.7
2021,Chongqing,30.85,24.07,21361,1.94,729.8,78.2
2022,Chongqing,31.59,25.08,22259,1.97,728.16,75.9
2023,Chongqing,33.47,25.56,23389,2.15,837.45,81.9
2024,Chongqing,34.56,24.79,23815,2.25,832.1,
2011,Sichuan,50.57,33.47,75815,3.89,1118.54,96.7
2012,Sichuan,54.9,39.01,76557,4.24,1376.22,97.4
2013,Sichuan,59.6,42.66,80037,4.35,1443.45,95.4
2014,Sichuan,62.69,45.96,81070,4.45,1501.16,92
2015,Sichuan,64.65,48.88,80109,4.51,1542.6,89.6
2016,Sichuan,67.04,51.92,79513,4.64,1647.27,90.2
2017,Sichuan,70.99,56.35,80481,4.85,1818.03,91.3
2018,Sichuan,74.63,59.89,81537,5.16,1827,88.7
2019,Sichuan,79.34,63.18,83756,5.6,1973.99,89.4
2020,Sichuan,82.45,64.98,82793,5.12,1755.4,79
2021,Sichuan,86.54,66.2,80249,5.46,1856.7,82.2
2022,Sichuan,88.75,68.39,74041,5.49,1877.61,79.1
2023,Sichuan,92.61,70.86,74975,5.9,2260.02,86
2024,Sichuan,94.22,71.49,74797,6.06,2332.96,
2011,Guizhou,16.91,11.75,25943,1.08,439.37,87.1
2012,Guizhou,19.11,13.92,27404,1.15,562.06,89.1
2013,Guizhou,22.16,16.67,29177,1.27,646.07,85.2
2014,Guizhou,23.75,18.22,28995,1.3,633.84,82.7
2015,Guizhou,25.91,19.64,28712,1.32,626.5,80.9
2016,Guizhou,27.74,21.03,28017,1.38,654.61,78.2
2017,Guizhou,30.19,23.3,28034,1.52,727.21,79.9
2018,Guizhou,32.34,24.56,28066,1.64,809.6,81.8
2019,Guizhou,34.71,26.5,28511,1.76,854.53,81.5
2020,Guizhou,36.69,27.64,28880,1.62,776.4,75.7
2021,Guizhou,38.41,29.69,29292,1.81,839.4,76.5
2022,Guizhou,39.83,30.97,29150,1.92,868.55,75.2
2023,Guizhou,43.05,31.54,30695,2.09,1037.26,80.1
2024,Guizhou,44.43,32.48,30869,2.26,1069.57,
2011,Yunnan,21.53,17.34,23248,1.8,515.08,88.7
2012,Yunnan,23.34,19.47,23395,2,619.65,89.1
2013,Yunnan,26.55,21.01,24264,2.11,671,85.4
2014,Yunnan,28.28,22.49,24281,2.19,725.9,85.5
2015,Yunnan,30.46,23.76,24181,2.28,744.8,82.9
2016,Yunnan,32.98,25.36,24234,2.45,816.86,83
2017,Yunnan,36.92,27.48,24684,2.55,886.13,83.2
2018,Yunnan,38.98,29.12,24954,2.58,957.04,85.8
2019,Yunnan,42.93,31.19,25587,2.82,1007.33,83.8
2020,Yunnan,45.89,32.52,26626,2.7,967.9,77.5
2021,Yunnan,47,33.03,26885,2.94,992,78.5
2022,Yunnan,48.63,34.12,27528,3.1,1011.31,76.2
2023,Yunnan,51.27,35.99,28765,3.18,1158.15,79.8
2024,Yunnan,53.64,37.42,29667,3.26,1179.49,
2011,Xizang,2.22,0.96,6602,0.11,16.12,69.6
2012,Xizang,2.16,0.84,6660,0.1,14.4,72
2013,Xizang,2.47,1.1,6725,0.12,19.89,73.7
2014,Xizang,2.65,1.19,6795,0.13,23.06,75.4
2015,Xizang,2.91,1.4,6814,0.14,28.7,73.2
2016,Xizang,2.92,1.45,6835,0.14,28.71,74.5
2017,Xizang,3.34,1.61,6826,0.16,32.74,72.1
2018,Xizang,3.68,1.68,6844,0.16,30.91,64.6
2019,Xizang,3.88,1.71,6940,0.16,30.47,64.8
2020,Xizang,4.1,1.86,6939,0.16,32.9,56.2
2021,Xizang,4.23,1.97,6907,0.16,32.3,56.6
2022,Xizang,4.22,2,6906,0.14,29.76,48.6
2023,Xizang,4.63,2.16,7058,0.16,35.37,54.4
2024,Xizang,5.08,2.15,7233,0.17,42.51,
2011,Shaanxi,27.55,15.38,36396,1.47,403.95,84
2012,Shaanxi,29.38,16.92,36271,1.61,496.65,89.8
2013,Shaanxi,32.19,18.51,37137,1.72,543.38,87.7
2014,Shaanxi,33.63,19.94,37247,1.75,591.81,86.7
2015,Shaanxi,34.99,21.19,37030,1.75,622.5,83.4
2016,Shaanxi,37.26,22.54,36598,1.85,675.53,82.2
2017,Shaanxi,39.38,24.13,35861,1.92,745.44,83.7
2018,Shaanxi,41.09,25.37,35300,1.96,795.04,84
2019,Shaanxi,43.56,26.58,35404,2.09,814.88,81.7
2020,Shaanxi,44.53,27.24,34983,1.77,672.8,68.7
2021,Shaanxi,44.59,28.45,34971,1.87,727.9,72.4
2022,Shaanxi,45.59,28.96,34779,1.81,728.16,70
2023,Shaanxi,47.1,30.62,35133,2.17,940.67,81
2024,Shaanxi,47.96,30.97,35426,2.21,952.27,
2011,Gansu,14.57,9.49,26632,1.07,236.96,82.1
2012,Gansu,15.19,11.23,26401,1.19,290.92,85.6
2013,Gansu,16.07,11.61,26697,1.24,320.56,84.6
2014,Gansu,17.9,12.24,27916,1.23,336.43,83.4
2015,Gansu,18.14,12.77,27799,1.25,349.2,82.2
2016,Gansu,18.68,13.43,28197,1.3,396.89,82.6
2017,Gansu,19.92,14.66,28857,1.35,432.73,81.6
2018,Gansu,20.7,16.27,27897,1.32,484.81,81.6
2019,Gansu,22.85,18.12,26697,1.27,517.77,82.3
2020,Gansu,22.9,17.19,26204,1.1,430.6,71.6
2021,Gansu,24.77,18.32,25759,1.15,444.2,69.6
2022,Gansu,25.4,18.89,25266,1.01,408.05,63
2023,Gansu,26.84,20.4,25375,1.21,587.21,75.2
2024,Gansu,29.32,20.77,26741,1.33,630.15,
2011,Qinghai,3.88,2.31,5887,0.21,66.72,77.3
2012,Qinghai,4.08,2.6,5948,0.21,74.42,88
2013,Qinghai,4.47,2.95,6020,0.22,80.81,86.2
2014,Qinghai,4.64,3.3,6241,0.23,87.89,81.3
2015,Qinghai,4.84,3.45,6223,0.23,83.2,76
2016,Qinghai,4.97,3.47,6291,0.24,90.73,74.4
2017,Qinghai,5.61,3.83,6375,0.25,97.53,70.6
2018,Qinghai,5.94,3.91,6396,0.25,98.46,73.2
2019,Qinghai,6.2,4.14,6513,0.27,104.75,74.1
2020,Qinghai,6.43,4.13,6407,0.24,101.5,70.2
2021,Qinghai,6.68,4.22,6408,0.27,97.3,66.6
2022,Qinghai,6.7,4.29,6376,0.24,87.23,59.7
2023,Qinghai,7.27,4.57,6950,0.29,119.06,72.9
2024,Qinghai,7.65,4.78,6914,0.3,130.37,
2011,Ningxia,4.18,2.58,4132,0.28,70.52,91.1
2012,Ningxia,4.4,2.78,4140,0.31,81.87,92.2
2013,Ningxia,4.76,3.11,4231,0.33,90.19,89.7
2014,Ningxia,5.07,3.25,4255,0.36,97.09,87.7
2015,Ningxia,5.26,3.38,4288,0.36,97,83.2
2016,Ningxia,5.62,3.63,4254,0.38,105.59,84.4
2017,Ningxia,6.2,3.98,4271,0.4,115.73,80.8
2018,Ningxia,6.58,4.1,4450,0.41,120.29,79.9
2019,Ningxia,6.86,4.1,4397,0.44,123.03,81.1
2020,Ningxia,7.2,4.13,4574,0.4,107.1,68.8
2021,Ningxia,7.31,4.12,4571,0.41,107.9,67.4
2022,Ningxia,7.43,4.18,4607,0.41,107.49,64.3
2023,Ningxia,7.81,4.35,4863,0.51,140.98,79.7
2024,Ningxia,8.05,4.43,4986,0.57,149.91,
2011,Xinjiang,16.78,12.54,17412,0.77,398.14,92.5
2012,Xinjiang,17.71,13.16,18320,0.84,446.46,92.1
2013,Xinjiang,18.96,13.73,18663,0.94,462,88.4
2014,Xinjiang,19.96,14.3,18873,1,488.7,86.8
2015,Xinjiang,20.85,15.03,18798,1.03,510,86.9
2016,Xinjiang,22,15.69,18825,1.09,532.54,86.5
2017,Xinjiang,22.44,16.76,18724,1.12,548.34,85
2018,Xinjiang,22.71,17.89,18450,1.07,542.9,85.6
2019,Xinjiang,23.64,18.64,18376,1.2,587.51,87.9
2020,Xinjiang,24.45,18.15,18158,1.07,440.3,69.9
2021,Xinjiang,25.67,18.61,16970,1.05,462.7,73.6
2022,Xinjiang,26.42,17.96,16999,0.96,442.78,67.4
2023,Xinjiang,29.73,19.75,18416,1.43,720.93,88.6
2024,Xinjiang,31.49,20.22,19112,1.64,719.45,